--------------------------------------------------------
--  File created - วันเสาร์-เมษายน-02-2559   
--------------------------------------------------------
--------------------------------------------------------
--  DDL for Table TDCS_APPRENTICE
--------------------------------------------------------

  CREATE TABLE "TDCS"."TDCS_APPRENTICE" 
   (	"APT_ID" NUMBER(6,0), 
	"APT_NAME" VARCHAR2(50 BYTE)
   ) SEGMENT CREATION IMMEDIATE 
  PCTFREE 10 PCTUSED 40 INITRANS 1 MAXTRANS 255 NOCOMPRESS LOGGING
  STORAGE(INITIAL 65536 NEXT 1048576 MINEXTENTS 1 MAXEXTENTS 2147483645
  PCTINCREASE 0 FREELISTS 1 FREELIST GROUPS 1 BUFFER_POOL DEFAULT FLASH_CACHE DEFAULT CELL_FLASH_CACHE DEFAULT)
  TABLESPACE "USERS" ;
--------------------------------------------------------
--  DDL for Table TDCS_CATEGORIES
--------------------------------------------------------

  CREATE TABLE "TDCS"."TDCS_CATEGORIES" 
   (	"CATEGORY_ID" VARCHAR2(20 BYTE), 
	"CATEGORY_NAME" VARCHAR2(255 BYTE), 
	"CATEGORY_CREATE_BY" NUMBER(10,0)
   ) SEGMENT CREATION IMMEDIATE 
  PCTFREE 10 PCTUSED 40 INITRANS 1 MAXTRANS 255 NOCOMPRESS LOGGING
  STORAGE(INITIAL 65536 NEXT 1048576 MINEXTENTS 1 MAXEXTENTS 2147483645
  PCTINCREASE 0 FREELISTS 1 FREELIST GROUPS 1 BUFFER_POOL DEFAULT FLASH_CACHE DEFAULT CELL_FLASH_CACHE DEFAULT)
  TABLESPACE "USERS" ;
--------------------------------------------------------
--  DDL for Table TDCS_CHOICES
--------------------------------------------------------

  CREATE TABLE "TDCS"."TDCS_CHOICES" 
   (	"CHOICE_ID" NUMBER(10,0), 
	"CHOICE_DESCRIPTION" VARCHAR2(255 BYTE), 
	"QUESTION_ID" NUMBER(10,0), 
	"CHOICE_CORRECTION" VARCHAR2(10 BYTE), 
	"CHOICE_STATUS" NUMBER(3,0)
   ) SEGMENT CREATION IMMEDIATE 
  PCTFREE 10 PCTUSED 40 INITRANS 1 MAXTRANS 255 NOCOMPRESS LOGGING
  STORAGE(INITIAL 65536 NEXT 1048576 MINEXTENTS 1 MAXEXTENTS 2147483645
  PCTINCREASE 0 FREELISTS 1 FREELIST GROUPS 1 BUFFER_POOL DEFAULT FLASH_CACHE DEFAULT CELL_FLASH_CACHE DEFAULT)
  TABLESPACE "USERS" ;
--------------------------------------------------------
--  DDL for Table TDCS_COMPANY
--------------------------------------------------------

  CREATE TABLE "TDCS"."TDCS_COMPANY" 
   (	"COMP_ID" NUMBER, 
	"COMP_NAME" VARCHAR2(50 BYTE)
   ) SEGMENT CREATION IMMEDIATE 
  PCTFREE 10 PCTUSED 40 INITRANS 1 MAXTRANS 255 NOCOMPRESS LOGGING
  STORAGE(INITIAL 65536 NEXT 1048576 MINEXTENTS 1 MAXEXTENTS 2147483645
  PCTINCREASE 0 FREELISTS 1 FREELIST GROUPS 1 BUFFER_POOL DEFAULT FLASH_CACHE DEFAULT CELL_FLASH_CACHE DEFAULT)
  TABLESPACE "USERS" ;
--------------------------------------------------------
--  DDL for Table TDCS_DESCRIPTION
--------------------------------------------------------

  CREATE TABLE "TDCS"."TDCS_DESCRIPTION" 
   (	"DESC_ID" NUMBER, 
	"SUB_ID" NUMBER, 
	"DESC_DATA" VARCHAR2(255 CHAR), 
	"MIN" NUMBER, 
	"MAX" NUMBER, 
	"GRADE" VARCHAR2(1 BYTE)
   ) SEGMENT CREATION IMMEDIATE 
  PCTFREE 10 PCTUSED 40 INITRANS 1 MAXTRANS 255 NOCOMPRESS LOGGING
  STORAGE(INITIAL 65536 NEXT 1048576 MINEXTENTS 1 MAXEXTENTS 2147483645
  PCTINCREASE 0 FREELISTS 1 FREELIST GROUPS 1 BUFFER_POOL DEFAULT FLASH_CACHE DEFAULT CELL_FLASH_CACHE DEFAULT)
  TABLESPACE "USERS" ;
--------------------------------------------------------
--  DDL for Table TDCS_DIFFICULTIES
--------------------------------------------------------

  CREATE TABLE "TDCS"."TDCS_DIFFICULTIES" 
   (	"DIFFICULTY_LEVEL" NUMBER(1,0), 
	"DIFFICULTY_DESCRIPTION" VARCHAR2(255 BYTE)
   ) SEGMENT CREATION IMMEDIATE 
  PCTFREE 10 PCTUSED 40 INITRANS 1 MAXTRANS 255 NOCOMPRESS LOGGING
  STORAGE(INITIAL 65536 NEXT 1048576 MINEXTENTS 1 MAXEXTENTS 2147483645
  PCTINCREASE 0 FREELISTS 1 FREELIST GROUPS 1 BUFFER_POOL DEFAULT FLASH_CACHE DEFAULT CELL_FLASH_CACHE DEFAULT)
  TABLESPACE "USERS" ;
--------------------------------------------------------
--  DDL for Table TDCS_EVALUATE
--------------------------------------------------------

  CREATE TABLE "TDCS"."TDCS_EVALUATE" 
   (	"USER_ID" NUMBER, 
	"SUB_ID" NUMBER, 
	"SCORE" NUMBER, 
	"NOTE" VARCHAR2(255 BYTE), 
	"TYPE" VARCHAR2(1 BYTE), 
	"EVA_ID" NUMBER
   ) SEGMENT CREATION IMMEDIATE 
  PCTFREE 10 PCTUSED 40 INITRANS 1 MAXTRANS 255 NOCOMPRESS LOGGING
  STORAGE(INITIAL 65536 NEXT 1048576 MINEXTENTS 1 MAXEXTENTS 2147483645
  PCTINCREASE 0 FREELISTS 1 FREELIST GROUPS 1 BUFFER_POOL DEFAULT FLASH_CACHE DEFAULT CELL_FLASH_CACHE DEFAULT)
  TABLESPACE "USERS" ;
--------------------------------------------------------
--  DDL for Table TDCS_EXAM_ANSWER_RECORDS
--------------------------------------------------------

  CREATE TABLE "TDCS"."TDCS_EXAM_ANSWER_RECORDS" 
   (	"ANSWER_RECORD_ID" NUMBER(10,0), 
	"QUESTION_ID" NUMBER(10,0), 
	"ANSWER_OBJECTIVE" NUMBER, 
	"EXAM_RECORD_ID" NUMBER, 
	"ANSWER_SUBJECTIVE" CLOB
   ) SEGMENT CREATION IMMEDIATE 
  PCTFREE 10 PCTUSED 40 INITRANS 1 MAXTRANS 255 NOCOMPRESS LOGGING
  STORAGE(INITIAL 65536 NEXT 1048576 MINEXTENTS 1 MAXEXTENTS 2147483645
  PCTINCREASE 0 FREELISTS 1 FREELIST GROUPS 1 BUFFER_POOL DEFAULT FLASH_CACHE DEFAULT CELL_FLASH_CACHE DEFAULT)
  TABLESPACE "USERS" 
 LOB ("ANSWER_SUBJECTIVE") STORE AS BASICFILE (
  TABLESPACE "USERS" ENABLE STORAGE IN ROW CHUNK 8192 RETENTION 
  NOCACHE LOGGING 
  STORAGE(INITIAL 65536 NEXT 1048576 MINEXTENTS 1 MAXEXTENTS 2147483645
  PCTINCREASE 0 FREELISTS 1 FREELIST GROUPS 1 BUFFER_POOL DEFAULT FLASH_CACHE DEFAULT CELL_FLASH_CACHE DEFAULT)) ;
--------------------------------------------------------
--  DDL for Table TDCS_EXAM_MARKING_RECORD
--------------------------------------------------------

  CREATE TABLE "TDCS"."TDCS_EXAM_MARKING_RECORD" 
   (	"ANSWER_RECORD_ID" NUMBER(10,0), 
	"MARKED_BY" NUMBER(10,0), 
	"MARKING_SCORE" NUMBER(8,2), 
	"MARKING_RECORD_ID" NUMBER(10,0), 
	"EXAM_RESULT_ID" NUMBER(10,0)
   ) SEGMENT CREATION IMMEDIATE 
  PCTFREE 10 PCTUSED 40 INITRANS 1 MAXTRANS 255 NOCOMPRESS LOGGING
  STORAGE(INITIAL 65536 NEXT 1048576 MINEXTENTS 1 MAXEXTENTS 2147483645
  PCTINCREASE 0 FREELISTS 1 FREELIST GROUPS 1 BUFFER_POOL DEFAULT FLASH_CACHE DEFAULT CELL_FLASH_CACHE DEFAULT)
  TABLESPACE "USERS" ;
--------------------------------------------------------
--  DDL for Table TDCS_EXAM_PAPERS
--------------------------------------------------------

  CREATE TABLE "TDCS"."TDCS_EXAM_PAPERS" 
   (	"PAPER_ID" NUMBER(5,0), 
	"PAPER_NAME" VARCHAR2(255 BYTE), 
	"PAPER_CREATE_DATE" DATE, 
	"PAPER_MAX_SCORE" NUMBER(5,2), 
	"PAPER_CREATE_BY" NUMBER(10,0), 
	"PAPER_STATUS" NUMBER(3,0), 
	"PAPER_FOR_POSITION" NUMBER, 
	"PAPER_UPDATE_DATE" DATE, 
	"PAPER_UPDATE_BY" NUMBER(10,0), 
	"PAPER_CODE" VARCHAR2(255 BYTE), 
	"PAPER_TIME_LIMIT_MINUTE" NUMBER(3,0)
   ) SEGMENT CREATION IMMEDIATE 
  PCTFREE 10 PCTUSED 40 INITRANS 1 MAXTRANS 255 NOCOMPRESS LOGGING
  STORAGE(INITIAL 65536 NEXT 1048576 MINEXTENTS 1 MAXEXTENTS 2147483645
  PCTINCREASE 0 FREELISTS 1 FREELIST GROUPS 1 BUFFER_POOL DEFAULT FLASH_CACHE DEFAULT CELL_FLASH_CACHE DEFAULT)
  TABLESPACE "USERS" ;
--------------------------------------------------------
--  DDL for Table TDCS_EXAM_RECORDS
--------------------------------------------------------

  CREATE TABLE "TDCS"."TDCS_EXAM_RECORDS" 
   (	"RECORD_ID" NUMBER(10,0), 
	"USER_ID" NUMBER, 
	"PAPER_ID" NUMBER, 
	"EXAM_DATE" DATE, 
	"TIME_TAKEN_MINUTE" NUMBER(5,2), 
	"PRE_TEST_RECORD_ID" NUMBER(10,0), 
	"COUNT" NUMBER(5,0)
   ) SEGMENT CREATION IMMEDIATE 
  PCTFREE 10 PCTUSED 40 INITRANS 1 MAXTRANS 255 NOCOMPRESS LOGGING
  STORAGE(INITIAL 65536 NEXT 1048576 MINEXTENTS 1 MAXEXTENTS 2147483645
  PCTINCREASE 0 FREELISTS 1 FREELIST GROUPS 1 BUFFER_POOL DEFAULT FLASH_CACHE DEFAULT CELL_FLASH_CACHE DEFAULT)
  TABLESPACE "USERS" ;
--------------------------------------------------------
--  DDL for Table TDCS_EXAM_RESULTS
--------------------------------------------------------

  CREATE TABLE "TDCS"."TDCS_EXAM_RESULTS" 
   (	"RESULT_ID" NUMBER(10,0), 
	"MARKED_BY" NUMBER(10,0), 
	"COMMENTING" VARCHAR2(1023 BYTE), 
	"MARKED_DATE" DATE, 
	"EXAM_RECORD_ID" NUMBER, 
	"RESULT_STATUS" NUMBER, 
	"OBJECTIVE_SCORE" NUMBER(5,2), 
	"SUBJECTIVE_SCORE" NUMBER(5,2), 
	"VERSION" NUMBER DEFAULT 0
   ) SEGMENT CREATION IMMEDIATE 
  PCTFREE 10 PCTUSED 40 INITRANS 1 MAXTRANS 255 NOCOMPRESS LOGGING
  STORAGE(INITIAL 65536 NEXT 1048576 MINEXTENTS 1 MAXEXTENTS 2147483645
  PCTINCREASE 0 FREELISTS 1 FREELIST GROUPS 1 BUFFER_POOL DEFAULT FLASH_CACHE DEFAULT CELL_FLASH_CACHE DEFAULT)
  TABLESPACE "USERS" ;
--------------------------------------------------------
--  DDL for Table TDCS_FACULTY
--------------------------------------------------------

  CREATE TABLE "TDCS"."TDCS_FACULTY" 
   (	"FAC_ID" NUMBER, 
	"FAC_NAME" VARCHAR2(255 BYTE)
   ) SEGMENT CREATION IMMEDIATE 
  PCTFREE 10 PCTUSED 40 INITRANS 1 MAXTRANS 255 NOCOMPRESS LOGGING
  STORAGE(INITIAL 65536 NEXT 1048576 MINEXTENTS 1 MAXEXTENTS 2147483645
  PCTINCREASE 0 FREELISTS 1 FREELIST GROUPS 1 BUFFER_POOL DEFAULT FLASH_CACHE DEFAULT CELL_FLASH_CACHE DEFAULT)
  TABLESPACE "USERS" ;
--------------------------------------------------------
--  DDL for Table TDCS_MAJOR
--------------------------------------------------------

  CREATE TABLE "TDCS"."TDCS_MAJOR" 
   (	"MAJ_ID" NUMBER, 
	"MAJ_NAME" VARCHAR2(255 BYTE)
   ) SEGMENT CREATION IMMEDIATE 
  PCTFREE 10 PCTUSED 40 INITRANS 1 MAXTRANS 255 NOCOMPRESS LOGGING
  STORAGE(INITIAL 65536 NEXT 1048576 MINEXTENTS 1 MAXEXTENTS 2147483645
  PCTINCREASE 0 FREELISTS 1 FREELIST GROUPS 1 BUFFER_POOL DEFAULT FLASH_CACHE DEFAULT CELL_FLASH_CACHE DEFAULT)
  TABLESPACE "USERS" ;
--------------------------------------------------------
--  DDL for Table TDCS_PAPER_GENERATE_TEMPLATE
--------------------------------------------------------

  CREATE TABLE "TDCS"."TDCS_PAPER_GENERATE_TEMPLATE" 
   (	"ID" NUMBER(5,0), 
	"NO" NUMBER(5,0), 
	"PAPER_ID" NUMBER(5,0), 
	"CATEGORY_ID" VARCHAR2(20 BYTE)
   ) SEGMENT CREATION IMMEDIATE 
  PCTFREE 10 PCTUSED 40 INITRANS 1 MAXTRANS 255 NOCOMPRESS LOGGING
  STORAGE(INITIAL 65536 NEXT 1048576 MINEXTENTS 1 MAXEXTENTS 2147483645
  PCTINCREASE 0 FREELISTS 1 FREELIST GROUPS 1 BUFFER_POOL DEFAULT FLASH_CACHE DEFAULT CELL_FLASH_CACHE DEFAULT)
  TABLESPACE "SYSTEM" ;
--------------------------------------------------------
--  DDL for Table TDCS_PAPER_QUESTION
--------------------------------------------------------

  CREATE TABLE "TDCS"."TDCS_PAPER_QUESTION" 
   (	"PAPER_ID" NUMBER(5,0), 
	"QUESTION_ID" NUMBER(10,0), 
	"SCORE" NUMBER(6,2)
   ) SEGMENT CREATION IMMEDIATE 
  PCTFREE 10 PCTUSED 40 INITRANS 1 MAXTRANS 255 NOCOMPRESS LOGGING
  STORAGE(INITIAL 65536 NEXT 1048576 MINEXTENTS 1 MAXEXTENTS 2147483645
  PCTINCREASE 0 FREELISTS 1 FREELIST GROUPS 1 BUFFER_POOL DEFAULT FLASH_CACHE DEFAULT CELL_FLASH_CACHE DEFAULT)
  TABLESPACE "USERS" ;
--------------------------------------------------------
--  DDL for Table TDCS_POSITION
--------------------------------------------------------

  CREATE TABLE "TDCS"."TDCS_POSITION" 
   (	"POSI_ID" NUMBER, 
	"POSI_FOR" VARCHAR2(1 BYTE), 
	"POSI_NAME" VARCHAR2(255 BYTE)
   ) SEGMENT CREATION IMMEDIATE 
  PCTFREE 10 PCTUSED 40 INITRANS 1 MAXTRANS 255 NOCOMPRESS LOGGING
  STORAGE(INITIAL 65536 NEXT 1048576 MINEXTENTS 1 MAXEXTENTS 2147483645
  PCTINCREASE 0 FREELISTS 1 FREELIST GROUPS 1 BUFFER_POOL DEFAULT FLASH_CACHE DEFAULT CELL_FLASH_CACHE DEFAULT)
  TABLESPACE "USERS" ;
--------------------------------------------------------
--  DDL for Table TDCS_QUESTION_TYPE
--------------------------------------------------------

  CREATE TABLE "TDCS"."TDCS_QUESTION_TYPE" 
   (	"QUESTION_TYPE_ID" NUMBER(1,0), 
	"QUESTION_TYPE_DESCRIPTION" VARCHAR2(255 BYTE)
   ) SEGMENT CREATION IMMEDIATE 
  PCTFREE 10 PCTUSED 40 INITRANS 1 MAXTRANS 255 NOCOMPRESS LOGGING
  STORAGE(INITIAL 65536 NEXT 1048576 MINEXTENTS 1 MAXEXTENTS 2147483645
  PCTINCREASE 0 FREELISTS 1 FREELIST GROUPS 1 BUFFER_POOL DEFAULT FLASH_CACHE DEFAULT CELL_FLASH_CACHE DEFAULT)
  TABLESPACE "USERS" ;
--------------------------------------------------------
--  DDL for Table TDCS_QUESTIONS
--------------------------------------------------------

  CREATE TABLE "TDCS"."TDCS_QUESTIONS" 
   (	"QUESTION_ID" NUMBER(10,0), 
	"QUESTION_DESCRIPTION" VARCHAR2(255 BYTE), 
	"QUESTION_SCORE" NUMBER(5,2), 
	"QUESTION_CREATE_DATE" DATE, 
	"SUB_CATEGORY_ID" NUMBER(5,0), 
	"QUESTION_CREATE_BY" NUMBER(10,0), 
	"DIFFICULTY_LEVEL" NUMBER(1,0), 
	"QUESTION_TYPE_ID" NUMBER(1,0), 
	"QUESTION_STATUS" NUMBER(3,0), 
	"QUESTION_UPDATE_DATE" DATE, 
	"QUESTION_UPDATE_BY" NUMBER
   ) SEGMENT CREATION IMMEDIATE 
  PCTFREE 10 PCTUSED 40 INITRANS 1 MAXTRANS 255 NOCOMPRESS LOGGING
  STORAGE(INITIAL 65536 NEXT 1048576 MINEXTENTS 1 MAXEXTENTS 2147483645
  PCTINCREASE 0 FREELISTS 1 FREELIST GROUPS 1 BUFFER_POOL DEFAULT FLASH_CACHE DEFAULT CELL_FLASH_CACHE DEFAULT)
  TABLESPACE "USERS" ;
--------------------------------------------------------
--  DDL for Table TDCS_SECTION
--------------------------------------------------------

  CREATE TABLE "TDCS"."TDCS_SECTION" 
   (	"SECTION_ID" NUMBER(6,0), 
	"SECTION_NAME" VARCHAR2(255 BYTE), 
	"COMP_ID" NUMBER(6,0), 
	"USER_ID" NUMBER(6,0)
   ) SEGMENT CREATION IMMEDIATE 
  PCTFREE 10 PCTUSED 40 INITRANS 1 MAXTRANS 255 NOCOMPRESS LOGGING
  STORAGE(INITIAL 65536 NEXT 1048576 MINEXTENTS 1 MAXEXTENTS 2147483645
  PCTINCREASE 0 FREELISTS 1 FREELIST GROUPS 1 BUFFER_POOL DEFAULT FLASH_CACHE DEFAULT CELL_FLASH_CACHE DEFAULT)
  TABLESPACE "USERS" ;
--------------------------------------------------------
--  DDL for Table TDCS_SECTION_POSITION
--------------------------------------------------------

  CREATE TABLE "TDCS"."TDCS_SECTION_POSITION" 
   (	"SP_ID" NUMBER(6,0), 
	"SECTION_ID" NUMBER(6,0), 
	"POSI_ID" NUMBER(6,0)
   ) SEGMENT CREATION IMMEDIATE 
  PCTFREE 10 PCTUSED 40 INITRANS 1 MAXTRANS 255 NOCOMPRESS LOGGING
  STORAGE(INITIAL 65536 NEXT 1048576 MINEXTENTS 1 MAXEXTENTS 2147483645
  PCTINCREASE 0 FREELISTS 1 FREELIST GROUPS 1 BUFFER_POOL DEFAULT FLASH_CACHE DEFAULT CELL_FLASH_CACHE DEFAULT)
  TABLESPACE "USERS" ;
--------------------------------------------------------
--  DDL for Table TDCS_STATUS
--------------------------------------------------------

  CREATE TABLE "TDCS"."TDCS_STATUS" 
   (	"STATUS_ID" NUMBER(3,0), 
	"STATUS_NAME" VARCHAR2(255 BYTE), 
	"STATUS_DESCRIPTION" VARCHAR2(255 BYTE)
   ) SEGMENT CREATION IMMEDIATE 
  PCTFREE 10 PCTUSED 40 INITRANS 1 MAXTRANS 255 NOCOMPRESS LOGGING
  STORAGE(INITIAL 65536 NEXT 1048576 MINEXTENTS 1 MAXEXTENTS 2147483645
  PCTINCREASE 0 FREELISTS 1 FREELIST GROUPS 1 BUFFER_POOL DEFAULT FLASH_CACHE DEFAULT CELL_FLASH_CACHE DEFAULT)
  TABLESPACE "USERS" ;
--------------------------------------------------------
--  DDL for Table TDCS_SUB_CATEGORIES
--------------------------------------------------------

  CREATE TABLE "TDCS"."TDCS_SUB_CATEGORIES" 
   (	"SUB_CATEGORY_ID" NUMBER(5,0), 
	"SUB_CATEGORY_NAME" VARCHAR2(255 BYTE), 
	"CATEGORY_ID" VARCHAR2(255 BYTE), 
	"SUB_CATEGORY_CREATE_BY" NUMBER(10,0)
   ) SEGMENT CREATION IMMEDIATE 
  PCTFREE 10 PCTUSED 40 INITRANS 1 MAXTRANS 255 NOCOMPRESS LOGGING
  STORAGE(INITIAL 65536 NEXT 1048576 MINEXTENTS 1 MAXEXTENTS 2147483645
  PCTINCREASE 0 FREELISTS 1 FREELIST GROUPS 1 BUFFER_POOL DEFAULT FLASH_CACHE DEFAULT CELL_FLASH_CACHE DEFAULT)
  TABLESPACE "USERS" ;
--------------------------------------------------------
--  DDL for Table TDCS_SUBTOPIC
--------------------------------------------------------

  CREATE TABLE "TDCS"."TDCS_SUBTOPIC" 
   (	"SUB_ID" NUMBER, 
	"TOPIC_ID" NUMBER, 
	"SUB_DATA" VARCHAR2(255 BYTE)
   ) SEGMENT CREATION IMMEDIATE 
  PCTFREE 10 PCTUSED 40 INITRANS 1 MAXTRANS 255 NOCOMPRESS LOGGING
  STORAGE(INITIAL 65536 NEXT 1048576 MINEXTENTS 1 MAXEXTENTS 2147483645
  PCTINCREASE 0 FREELISTS 1 FREELIST GROUPS 1 BUFFER_POOL DEFAULT FLASH_CACHE DEFAULT CELL_FLASH_CACHE DEFAULT)
  TABLESPACE "USERS" ;
--------------------------------------------------------
--  DDL for Table TDCS_TEAM
--------------------------------------------------------

  CREATE TABLE "TDCS"."TDCS_TEAM" 
   (	"TEAM_ID" NUMBER, 
	"TEAM_NAME" VARCHAR2(50 BYTE), 
	"SECTION_ID" NUMBER(6,0), 
	"USER_ID" NUMBER(6,0)
   ) SEGMENT CREATION IMMEDIATE 
  PCTFREE 10 PCTUSED 40 INITRANS 1 MAXTRANS 255 NOCOMPRESS LOGGING
  STORAGE(INITIAL 65536 NEXT 1048576 MINEXTENTS 1 MAXEXTENTS 2147483645
  PCTINCREASE 0 FREELISTS 1 FREELIST GROUPS 1 BUFFER_POOL DEFAULT FLASH_CACHE DEFAULT CELL_FLASH_CACHE DEFAULT)
  TABLESPACE "USERS" ;
--------------------------------------------------------
--  DDL for Table TDCS_TOPIC
--------------------------------------------------------

  CREATE TABLE "TDCS"."TDCS_TOPIC" 
   (	"TOPIC_ID" NUMBER, 
	"TOPIC_DATA" VARCHAR2(255 BYTE), 
	"SCORE" NUMBER(6,0)
   ) SEGMENT CREATION IMMEDIATE 
  PCTFREE 10 PCTUSED 40 INITRANS 1 MAXTRANS 255 NOCOMPRESS LOGGING
  STORAGE(INITIAL 65536 NEXT 1048576 MINEXTENTS 1 MAXEXTENTS 2147483645
  PCTINCREASE 0 FREELISTS 1 FREELIST GROUPS 1 BUFFER_POOL DEFAULT FLASH_CACHE DEFAULT CELL_FLASH_CACHE DEFAULT)
  TABLESPACE "USERS" ;
--------------------------------------------------------
--  DDL for Table TDCS_UNIVERSITY
--------------------------------------------------------

  CREATE TABLE "TDCS"."TDCS_UNIVERSITY" 
   (	"UNIVERSITY_NAME" VARCHAR2(255 BYTE), 
	"UNI_ID" NUMBER(6,0)
   ) SEGMENT CREATION IMMEDIATE 
  PCTFREE 10 PCTUSED 40 INITRANS 1 MAXTRANS 255 NOCOMPRESS LOGGING
  STORAGE(INITIAL 65536 NEXT 1048576 MINEXTENTS 1 MAXEXTENTS 2147483645
  PCTINCREASE 0 FREELISTS 1 FREELIST GROUPS 1 BUFFER_POOL DEFAULT FLASH_CACHE DEFAULT CELL_FLASH_CACHE DEFAULT)
  TABLESPACE "USERS" ;
--------------------------------------------------------
--  DDL for Table TDCS_UNIVERSITY_FACULTY
--------------------------------------------------------

  CREATE TABLE "TDCS"."TDCS_UNIVERSITY_FACULTY" 
   (	"UNI_FAC_ID" NUMBER(6,0), 
	"UNI_ID" NUMBER(6,0), 
	"FAC_ID" NUMBER(6,0)
   ) SEGMENT CREATION IMMEDIATE 
  PCTFREE 10 PCTUSED 40 INITRANS 1 MAXTRANS 255 NOCOMPRESS LOGGING
  STORAGE(INITIAL 65536 NEXT 1048576 MINEXTENTS 1 MAXEXTENTS 2147483645
  PCTINCREASE 0 FREELISTS 1 FREELIST GROUPS 1 BUFFER_POOL DEFAULT FLASH_CACHE DEFAULT CELL_FLASH_CACHE DEFAULT)
  TABLESPACE "USERS" ;
--------------------------------------------------------
--  DDL for Table TDCS_UNIVERSITY_FACULTY_MAJOR
--------------------------------------------------------

  CREATE TABLE "TDCS"."TDCS_UNIVERSITY_FACULTY_MAJOR" 
   (	"UNI_FAC_MAJ_ID" NUMBER(6,0), 
	"UNI_FAC_ID" NUMBER(6,0), 
	"MAJ_ID" NUMBER(6,0)
   ) SEGMENT CREATION IMMEDIATE 
  PCTFREE 10 PCTUSED 40 INITRANS 1 MAXTRANS 255 NOCOMPRESS LOGGING
  STORAGE(INITIAL 65536 NEXT 1048576 MINEXTENTS 1 MAXEXTENTS 2147483645
  PCTINCREASE 0 FREELISTS 1 FREELIST GROUPS 1 BUFFER_POOL DEFAULT FLASH_CACHE DEFAULT CELL_FLASH_CACHE DEFAULT)
  TABLESPACE "USERS" ;
--------------------------------------------------------
--  DDL for Table TDCS_USER
--------------------------------------------------------

  CREATE TABLE "TDCS"."TDCS_USER" 
   (	"USER_ID" NUMBER(10,0), 
	"USERNAME" VARCHAR2(50 BYTE), 
	"PASSWORD" VARCHAR2(50 BYTE), 
	"EMP_ID" VARCHAR2(50 BYTE), 
	"TH_FNAME" VARCHAR2(255 BYTE), 
	"TH_LNAME" VARCHAR2(255 BYTE), 
	"EN_FNAME" VARCHAR2(255 BYTE), 
	"EN_LNAME" VARCHAR2(255 BYTE), 
	"NICKNAME" VARCHAR2(255 BYTE), 
	"GRADE" NUMBER, 
	"LEVELSTU" NUMBER, 
	"BIRTHDATE" VARCHAR2(20 BYTE), 
	"TEL1" VARCHAR2(10 BYTE), 
	"TEL2" VARCHAR2(10 BYTE), 
	"EMAIL1" VARCHAR2(50 BYTE), 
	"EMAIL2" VARCHAR2(50 BYTE), 
	"ADDRESS" VARCHAR2(255 BYTE), 
	"SKYPE" VARCHAR2(50 BYTE), 
	"STATUS" NUMBER, 
	"IMANGE" VARCHAR2(255 BYTE), 
	"START_WORK" VARCHAR2(20 BYTE), 
	"END_WORK" VARCHAR2(20 BYTE), 
	"STAFF_ID" VARCHAR2(50 BYTE), 
	"TEAM_ID" NUMBER, 
	"VALIDATESTU" NUMBER, 
	"EVA_GRADE" VARCHAR2(1 BYTE), 
	"PIORITY" VARCHAR2(10 BYTE), 
	"COMP_ID" NUMBER, 
	"SP_ID" NUMBER, 
	"APT_ID" NUMBER(6,0), 
	"USER_CREATE" VARCHAR2(255 BYTE), 
	"DATE_CREATE" VARCHAR2(20 BYTE), 
	"USER_UPDATE" VARCHAR2(255 BYTE), 
	"DATE_UPDATE" VARCHAR2(20 BYTE), 
	"SECTION_ID" NUMBER(6,0), 
	"UNI_FAC_MAJ_ID" VARCHAR2(255 BYTE), 
	"POSI_ID" VARCHAR2(20 BYTE), 
	"VIEW_EVA" NUMBER DEFAULT 0
   ) SEGMENT CREATION IMMEDIATE 
  PCTFREE 10 PCTUSED 40 INITRANS 1 MAXTRANS 255 NOCOMPRESS LOGGING
  STORAGE(INITIAL 65536 NEXT 1048576 MINEXTENTS 1 MAXEXTENTS 2147483645
  PCTINCREASE 0 FREELISTS 1 FREELIST GROUPS 1 BUFFER_POOL DEFAULT FLASH_CACHE DEFAULT CELL_FLASH_CACHE DEFAULT)
  TABLESPACE "USERS" ;

   COMMENT ON COLUMN "TDCS"."TDCS_USER"."STATUS" IS '1 = admin
2= staff
3 = student';
--------------------------------------------------------
--  DDL for Table TDCS_USERS_PAPERS
--------------------------------------------------------

  CREATE TABLE "TDCS"."TDCS_USERS_PAPERS" 
   (	"USER_ID" NUMBER(10,0), 
	"UPDATE_BY" NUMBER(10,0), 
	"PAPER_ID" NUMBER(5,0), 
	"RELEASE_DATE_FROM" DATE, 
	"RELEASE_DATE_TO" DATE, 
	"RELEASING" VARCHAR2(1 BYTE), 
	"IN_TIME" NUMBER(1,0)
   ) SEGMENT CREATION IMMEDIATE 
  PCTFREE 10 PCTUSED 40 INITRANS 1 MAXTRANS 255 NOCOMPRESS LOGGING
  STORAGE(INITIAL 65536 NEXT 1048576 MINEXTENTS 1 MAXEXTENTS 2147483645
  PCTINCREASE 0 FREELISTS 1 FREELIST GROUPS 1 BUFFER_POOL DEFAULT FLASH_CACHE DEFAULT CELL_FLASH_CACHE DEFAULT)
  TABLESPACE "SYSTEM" ;
--------------------------------------------------------
--  DDL for Table TDCS2_EVA_BA
--------------------------------------------------------

  CREATE TABLE "TDCS"."TDCS2_EVA_BA" 
   (	"STUDENT_ID" VARCHAR2(20 BYTE), 
	"STAFF_ID" VARCHAR2(20 BYTE), 
	"P1" NUMBER(*,0), 
	"P2" NUMBER(*,0), 
	"P3" NUMBER(*,0), 
	"P4" NUMBER(*,0), 
	"P5" NUMBER(*,0), 
	"P6" NUMBER(*,0), 
	"P7" NUMBER(*,0), 
	"P8" NUMBER(*,0), 
	"P9" NUMBER(*,0), 
	"P10" NUMBER(*,0), 
	"P11" NUMBER(*,0), 
	"P12" NUMBER(*,0), 
	"P13" NUMBER(*,0), 
	"P14" NUMBER(*,0), 
	"N1" VARCHAR2(500 BYTE), 
	"N2" VARCHAR2(500 BYTE), 
	"N3" VARCHAR2(500 BYTE), 
	"N4" VARCHAR2(500 BYTE), 
	"N5" VARCHAR2(500 BYTE), 
	"N6" VARCHAR2(500 BYTE), 
	"N7" VARCHAR2(500 BYTE), 
	"N8" VARCHAR2(500 BYTE), 
	"N9" VARCHAR2(500 BYTE), 
	"N10" VARCHAR2(500 BYTE), 
	"N11" VARCHAR2(500 BYTE), 
	"N12" VARCHAR2(500 BYTE), 
	"N13" VARCHAR2(500 BYTE), 
	"N14" VARCHAR2(500 BYTE), 
	"SCORE" NUMBER(*,0), 
	"GRADE" VARCHAR2(1 BYTE)
   ) SEGMENT CREATION IMMEDIATE 
  PCTFREE 10 PCTUSED 40 INITRANS 1 MAXTRANS 255 NOCOMPRESS LOGGING
  STORAGE(INITIAL 65536 NEXT 1048576 MINEXTENTS 1 MAXEXTENTS 2147483645
  PCTINCREASE 0 FREELISTS 1 FREELIST GROUPS 1 BUFFER_POOL DEFAULT FLASH_CACHE DEFAULT CELL_FLASH_CACHE DEFAULT)
  TABLESPACE "USERS" ;
--------------------------------------------------------
--  DDL for Table TDCS2_EVA_SCORE_DEV
--------------------------------------------------------

  CREATE TABLE "TDCS"."TDCS2_EVA_SCORE_DEV" 
   (	"SC_SUBTOPIC_ID" VARCHAR2(20 BYTE), 
	"MIN" NUMBER, 
	"MAX" NUMBER, 
	"DESCRIPTION" VARCHAR2(500 BYTE), 
	"GRADE" VARCHAR2(1 BYTE), 
	"EVASUBTOP_SUBTOPIC_ID" VARCHAR2(255 CHAR)
   ) SEGMENT CREATION IMMEDIATE 
  PCTFREE 10 PCTUSED 40 INITRANS 1 MAXTRANS 255 NOCOMPRESS LOGGING
  STORAGE(INITIAL 65536 NEXT 1048576 MINEXTENTS 1 MAXEXTENTS 2147483645
  PCTINCREASE 0 FREELISTS 1 FREELIST GROUPS 1 BUFFER_POOL DEFAULT FLASH_CACHE DEFAULT CELL_FLASH_CACHE DEFAULT)
  TABLESPACE "USERS" ;
--------------------------------------------------------
--  DDL for Table TDCS2_EVA_SUBTOPIC_BA
--------------------------------------------------------

  CREATE TABLE "TDCS"."TDCS2_EVA_SUBTOPIC_BA" 
   (	"SUBTOPIC" VARCHAR2(200 BYTE), 
	"TOPIC" VARCHAR2(200 BYTE), 
	"MAX" NUMBER, 
	"MIN" NUMBER, 
	"DESCRIPTION" VARCHAR2(200 BYTE), 
	"GRADE" VARCHAR2(1 BYTE)
   ) SEGMENT CREATION IMMEDIATE 
  PCTFREE 10 PCTUSED 40 INITRANS 1 MAXTRANS 255 NOCOMPRESS LOGGING
  STORAGE(INITIAL 65536 NEXT 1048576 MINEXTENTS 1 MAXEXTENTS 2147483645
  PCTINCREASE 0 FREELISTS 1 FREELIST GROUPS 1 BUFFER_POOL DEFAULT FLASH_CACHE DEFAULT CELL_FLASH_CACHE DEFAULT)
  TABLESPACE "USERS" ;
--------------------------------------------------------
--  DDL for Table TDCS2_EVA_SUBTOPIC_DEV
--------------------------------------------------------

  CREATE TABLE "TDCS"."TDCS2_EVA_SUBTOPIC_DEV" 
   (	"SUBTOPIC_ID" VARCHAR2(20 BYTE), 
	"SUBTOPIC_NAME" VARCHAR2(500 BYTE), 
	"TOPIC_ID" VARCHAR2(20 BYTE), 
	"EVATIPICDEV_TOPIC_ID" VARCHAR2(255 CHAR)
   ) SEGMENT CREATION IMMEDIATE 
  PCTFREE 10 PCTUSED 40 INITRANS 1 MAXTRANS 255 NOCOMPRESS LOGGING
  STORAGE(INITIAL 65536 NEXT 1048576 MINEXTENTS 1 MAXEXTENTS 2147483645
  PCTINCREASE 0 FREELISTS 1 FREELIST GROUPS 1 BUFFER_POOL DEFAULT FLASH_CACHE DEFAULT CELL_FLASH_CACHE DEFAULT)
  TABLESPACE "USERS" ;
--------------------------------------------------------
--  DDL for Table TDCS2_EVA_TOPIC_DEV
--------------------------------------------------------

  CREATE TABLE "TDCS"."TDCS2_EVA_TOPIC_DEV" 
   (	"TOPIC_ID" VARCHAR2(20 BYTE), 
	"TOPIC_NAME" VARCHAR2(500 BYTE)
   ) SEGMENT CREATION IMMEDIATE 
  PCTFREE 10 PCTUSED 40 INITRANS 1 MAXTRANS 255 NOCOMPRESS LOGGING
  STORAGE(INITIAL 65536 NEXT 1048576 MINEXTENTS 1 MAXEXTENTS 2147483645
  PCTINCREASE 0 FREELISTS 1 FREELIST GROUPS 1 BUFFER_POOL DEFAULT FLASH_CACHE DEFAULT CELL_FLASH_CACHE DEFAULT)
  TABLESPACE "USERS" ;
--------------------------------------------------------
--  DDL for Table TDCS2_SHOW_GRADE
--------------------------------------------------------

  CREATE TABLE "TDCS"."TDCS2_SHOW_GRADE" 
   (	"STUDENT_ID" VARCHAR2(20 BYTE), 
	"SHOW_GRADE" NUMBER, 
	"SUM(PRESS_GRADE)" NUMBER(*,0)
   ) SEGMENT CREATION IMMEDIATE 
  PCTFREE 10 PCTUSED 40 INITRANS 1 MAXTRANS 255 NOCOMPRESS LOGGING
  STORAGE(INITIAL 65536 NEXT 1048576 MINEXTENTS 1 MAXEXTENTS 2147483645
  PCTINCREASE 0 FREELISTS 1 FREELIST GROUPS 1 BUFFER_POOL DEFAULT FLASH_CACHE DEFAULT CELL_FLASH_CACHE DEFAULT)
  TABLESPACE "USERS" ;
--------------------------------------------------------
--  DDL for Table TDCS2_STAFF
--------------------------------------------------------

  CREATE TABLE "TDCS"."TDCS2_STAFF" 
   (	"T_FIRSTNAME" VARCHAR2(100 BYTE), 
	"T_LASTNAME" VARCHAR2(100 BYTE), 
	"NICK_NAME" VARCHAR2(20 BYTE), 
	"SKYPE" VARCHAR2(20 BYTE), 
	"JOBS" VARCHAR2(100 BYTE), 
	"EMAIL_1" VARCHAR2(100 BYTE), 
	"TEL_1" VARCHAR2(20 BYTE), 
	"USERNAME" VARCHAR2(20 BYTE), 
	"PASSWORD" VARCHAR2(20 BYTE), 
	"E_FIRSTNAME" VARCHAR2(100 BYTE), 
	"E_LASTNAME" VARCHAR2(100 BYTE), 
	"TEAM" VARCHAR2(100 BYTE), 
	"COMPANY" VARCHAR2(200 BYTE), 
	"DEPARTMENT" VARCHAR2(200 BYTE), 
	"ADDRESS" VARCHAR2(500 BYTE), 
	"START_WORK" DATE, 
	"TEL_2" VARCHAR2(20 BYTE), 
	"EMAIL_2" VARCHAR2(100 BYTE), 
	"IMAGE" VARCHAR2(100 BYTE), 
	"BIRTHDATE" DATE, 
	"STAFF_ID" VARCHAR2(20 BYTE)
   ) SEGMENT CREATION IMMEDIATE 
  PCTFREE 10 PCTUSED 40 INITRANS 1 MAXTRANS 255 NOCOMPRESS LOGGING
  STORAGE(INITIAL 65536 NEXT 1048576 MINEXTENTS 1 MAXEXTENTS 2147483645
  PCTINCREASE 0 FREELISTS 1 FREELIST GROUPS 1 BUFFER_POOL DEFAULT FLASH_CACHE DEFAULT CELL_FLASH_CACHE DEFAULT)
  TABLESPACE "USERS" ;
--------------------------------------------------------
--  DDL for Table TDCS2_STUDENT
--------------------------------------------------------

  CREATE TABLE "TDCS"."TDCS2_STUDENT" 
   (	"USERNAME" VARCHAR2(20 BYTE), 
	"PASSWORD" VARCHAR2(20 BYTE), 
	"NICKNAME" VARCHAR2(20 BYTE), 
	"BIRTHDATE" DATE, 
	"ADDRESS" VARCHAR2(100 BYTE), 
	"SKYPE" VARCHAR2(20 BYTE), 
	"GRADE" NUMBER, 
	"JOBS" VARCHAR2(500 BYTE), 
	"PERRIOD_START" DATE, 
	"PERRIOD_END" DATE, 
	"AGE" NUMBER, 
	"STATUS" VARCHAR2(20 BYTE), 
	"UNI_NAME" VARCHAR2(100 BYTE), 
	"CAMPUS" VARCHAR2(100 BYTE), 
	"FACULTY" VARCHAR2(100 BYTE), 
	"MAJOR" VARCHAR2(100 BYTE), 
	"IMAGE" VARCHAR2(20 BYTE), 
	"STUDENT_ID" VARCHAR2(20 BYTE), 
	"T_NAME" VARCHAR2(50 BYTE), 
	"E_NAME" VARCHAR2(20 BYTE), 
	"TEL_1" VARCHAR2(20 BYTE), 
	"TEL_2" VARCHAR2(20 BYTE), 
	"EMAIL_1" VARCHAR2(50 BYTE), 
	"EMAIL_2" VARCHAR2(50 BYTE), 
	"CATEGORY" VARCHAR2(50 BYTE), 
	"STAFF_ID" VARCHAR2(20 BYTE)
   ) SEGMENT CREATION IMMEDIATE 
  PCTFREE 10 PCTUSED 40 INITRANS 1 MAXTRANS 255 NOCOMPRESS LOGGING
  STORAGE(INITIAL 65536 NEXT 1048576 MINEXTENTS 1 MAXEXTENTS 2147483645
  PCTINCREASE 0 FREELISTS 1 FREELIST GROUPS 1 BUFFER_POOL DEFAULT FLASH_CACHE DEFAULT CELL_FLASH_CACHE DEFAULT)
  TABLESPACE "USERS" ;
REM INSERTING into TDCS.TDCS_APPRENTICE
SET DEFINE OFF;
Insert into TDCS.TDCS_APPRENTICE (APT_ID,APT_NAME) values (1,'ฝึกงาน');
Insert into TDCS.TDCS_APPRENTICE (APT_ID,APT_NAME) values (2,'สหกิจศึกษา');
REM INSERTING into TDCS.TDCS_CATEGORIES
SET DEFINE OFF;
Insert into TDCS.TDCS_CATEGORIES (CATEGORY_ID,CATEGORY_NAME,CATEGORY_CREATE_BY) values ('PTT01','ประวัติศาสตร์',582);
Insert into TDCS.TDCS_CATEGORIES (CATEGORY_ID,CATEGORY_NAME,CATEGORY_CREATE_BY) values ('C0003','หลักการบริหารธุรกิจพื้นฐาน',582);
Insert into TDCS.TDCS_CATEGORIES (CATEGORY_ID,CATEGORY_NAME,CATEGORY_CREATE_BY) values ('C0004','หน้าที่พลเมือง',582);
Insert into TDCS.TDCS_CATEGORIES (CATEGORY_ID,CATEGORY_NAME,CATEGORY_CREATE_BY) values ('C0009','ภาษาอังกฤษ',582);
Insert into TDCS.TDCS_CATEGORIES (CATEGORY_ID,CATEGORY_NAME,CATEGORY_CREATE_BY) values ('C0001','จาวาพื้นฐาน',582);
Insert into TDCS.TDCS_CATEGORIES (CATEGORY_ID,CATEGORY_NAME,CATEGORY_CREATE_BY) values ('C0005','การสร้างเว็บไซต์ด้วยภาษา HTML',582);
REM INSERTING into TDCS.TDCS_CHOICES
SET DEFINE OFF;
Insert into TDCS.TDCS_CHOICES (CHOICE_ID,CHOICE_DESCRIPTION,QUESTION_ID,CHOICE_CORRECTION,CHOICE_STATUS) values (1839,'กิจกรรมใด ๆ ก็ตามที่ทำให้เกิดมีสินค้าหรือบริการขึ้นและมีการแลกเปลี่ยนซื้อขายกัน',1838,'Y',3);
Insert into TDCS.TDCS_CHOICES (CHOICE_ID,CHOICE_DESCRIPTION,QUESTION_ID,CHOICE_CORRECTION,CHOICE_STATUS) values (1840,'กระบวนการของการประสานทรัพยากรต่างๆ มาให้เกิดบริการ',1838,'N',3);
Insert into TDCS.TDCS_CHOICES (CHOICE_ID,CHOICE_DESCRIPTION,QUESTION_ID,CHOICE_CORRECTION,CHOICE_STATUS) values (1841,'ผลิตสินค้าและบริการเพื่อตอบสนองความต้องการของเจ้าของธุรกิจเท่านั้น',1838,'N',3);
Insert into TDCS.TDCS_CHOICES (CHOICE_ID,CHOICE_DESCRIPTION,QUESTION_ID,CHOICE_CORRECTION,CHOICE_STATUS) values (1842,'กระบวนการนำเอาทรัพยากรต่าง ๆ มาแปรสภาพให้กลายเป็นสินค้า',1838,'N',3);
Insert into TDCS.TDCS_CHOICES (CHOICE_ID,CHOICE_DESCRIPTION,QUESTION_ID,CHOICE_CORRECTION,CHOICE_STATUS) values (1850,'เก็บข้อมูลที่เป็น"ชุดของตัวเลข"',1849,'N',3);
Insert into TDCS.TDCS_CHOICES (CHOICE_ID,CHOICE_DESCRIPTION,QUESTION_ID,CHOICE_CORRECTION,CHOICE_STATUS) values (1851,'เก็บข้อมูลที่เป็น"ชุดของตัวอักษร"',1849,'Y',3);
Insert into TDCS.TDCS_CHOICES (CHOICE_ID,CHOICE_DESCRIPTION,QUESTION_ID,CHOICE_CORRECTION,CHOICE_STATUS) values (1852,'อ่านข้อมูลที่เป็น"ชุดของตัวเลข"',1849,'N',3);
Insert into TDCS.TDCS_CHOICES (CHOICE_ID,CHOICE_DESCRIPTION,QUESTION_ID,CHOICE_CORRECTION,CHOICE_STATUS) values (1853,'อ่านข้อมูลที่เป็น"ชุดของตัวอังษร"',1849,'N',3);
Insert into TDCS.TDCS_CHOICES (CHOICE_ID,CHOICE_DESCRIPTION,QUESTION_ID,CHOICE_CORRECTION,CHOICE_STATUS) values (1844,'การผลิต',1843,'N',3);
Insert into TDCS.TDCS_CHOICES (CHOICE_ID,CHOICE_DESCRIPTION,QUESTION_ID,CHOICE_CORRECTION,CHOICE_STATUS) values (1845,'การบริหารงานบุคคล',1843,'N',3);
Insert into TDCS.TDCS_CHOICES (CHOICE_ID,CHOICE_DESCRIPTION,QUESTION_ID,CHOICE_CORRECTION,CHOICE_STATUS) values (1846,'การจัดการทั่วไป',1843,'Y',3);
Insert into TDCS.TDCS_CHOICES (CHOICE_ID,CHOICE_DESCRIPTION,QUESTION_ID,CHOICE_CORRECTION,CHOICE_STATUS) values (1847,'การเงินและการบัญชี',1843,'N',3);
Insert into TDCS.TDCS_CHOICES (CHOICE_ID,CHOICE_DESCRIPTION,QUESTION_ID,CHOICE_CORRECTION,CHOICE_STATUS) values (1856,'เพาะปลูก',1855,'Y',3);
Insert into TDCS.TDCS_CHOICES (CHOICE_ID,CHOICE_DESCRIPTION,QUESTION_ID,CHOICE_CORRECTION,CHOICE_STATUS) values (1857,'เลี้ยงสัตว์',1855,'N',3);
Insert into TDCS.TDCS_CHOICES (CHOICE_ID,CHOICE_DESCRIPTION,QUESTION_ID,CHOICE_CORRECTION,CHOICE_STATUS) values (1858,'ทนาย',1855,'N',3);
Insert into TDCS.TDCS_CHOICES (CHOICE_ID,CHOICE_DESCRIPTION,QUESTION_ID,CHOICE_CORRECTION,CHOICE_STATUS) values (1859,'ค้าขาย',1855,'N',3);
Insert into TDCS.TDCS_CHOICES (CHOICE_ID,CHOICE_DESCRIPTION,QUESTION_ID,CHOICE_CORRECTION,CHOICE_STATUS) values (1861,'สภาพภูมิอากาศ',1860,'N',3);
Insert into TDCS.TDCS_CHOICES (CHOICE_ID,CHOICE_DESCRIPTION,QUESTION_ID,CHOICE_CORRECTION,CHOICE_STATUS) values (1862,'ทรัพยากรธรรมชาติ',1860,'N',3);
Insert into TDCS.TDCS_CHOICES (CHOICE_ID,CHOICE_DESCRIPTION,QUESTION_ID,CHOICE_CORRECTION,CHOICE_STATUS) values (1863,'กฎระเบียบและกฎหมาย',1860,'Y',3);
Insert into TDCS.TDCS_CHOICES (CHOICE_ID,CHOICE_DESCRIPTION,QUESTION_ID,CHOICE_CORRECTION,CHOICE_STATUS) values (1864,'สภาพภูมิประเทศ',1860,'N',3);
Insert into TDCS.TDCS_CHOICES (CHOICE_ID,CHOICE_DESCRIPTION,QUESTION_ID,CHOICE_CORRECTION,CHOICE_STATUS) values (1820,'ฟลิ้นโตน',1819,'Y',3);
Insert into TDCS.TDCS_CHOICES (CHOICE_ID,CHOICE_DESCRIPTION,QUESTION_ID,CHOICE_CORRECTION,CHOICE_STATUS) values (1821,'พาวเวอพัพ',1819,'N',3);
Insert into TDCS.TDCS_CHOICES (CHOICE_ID,CHOICE_DESCRIPTION,QUESTION_ID,CHOICE_CORRECTION,CHOICE_STATUS) values (1822,'เทเลทับบี้',1819,'N',3);
Insert into TDCS.TDCS_CHOICES (CHOICE_ID,CHOICE_DESCRIPTION,QUESTION_ID,CHOICE_CORRECTION,CHOICE_STATUS) values (1509,'windows',1508,'N',3);
Insert into TDCS.TDCS_CHOICES (CHOICE_ID,CHOICE_DESCRIPTION,QUESTION_ID,CHOICE_CORRECTION,CHOICE_STATUS) values (1823,'ปิกาจู',1819,'N',3);
Insert into TDCS.TDCS_CHOICES (CHOICE_ID,CHOICE_DESCRIPTION,QUESTION_ID,CHOICE_CORRECTION,CHOICE_STATUS) values (1510,'IOS',1508,'N',3);
Insert into TDCS.TDCS_CHOICES (CHOICE_ID,CHOICE_DESCRIPTION,QUESTION_ID,CHOICE_CORRECTION,CHOICE_STATUS) values (1511,'android',1508,'N',3);
Insert into TDCS.TDCS_CHOICES (CHOICE_ID,CHOICE_DESCRIPTION,QUESTION_ID,CHOICE_CORRECTION,CHOICE_STATUS) values (1512,'ทุกระบบ',1508,'Y',3);
Insert into TDCS.TDCS_CHOICES (CHOICE_ID,CHOICE_DESCRIPTION,QUESTION_ID,CHOICE_CORRECTION,CHOICE_STATUS) values (361,'and',561,'Y',3);
Insert into TDCS.TDCS_CHOICES (CHOICE_ID,CHOICE_DESCRIPTION,QUESTION_ID,CHOICE_CORRECTION,CHOICE_STATUS) values (362,'or',561,'N',3);
Insert into TDCS.TDCS_CHOICES (CHOICE_ID,CHOICE_DESCRIPTION,QUESTION_ID,CHOICE_CORRECTION,CHOICE_STATUS) values (363,'ไม่มีข้อใดถูก',561,'N',3);
Insert into TDCS.TDCS_CHOICES (CHOICE_ID,CHOICE_DESCRIPTION,QUESTION_ID,CHOICE_CORRECTION,CHOICE_STATUS) values (364,'ถูกทุกข้อ',561,'N',3);
Insert into TDCS.TDCS_CHOICES (CHOICE_ID,CHOICE_DESCRIPTION,QUESTION_ID,CHOICE_CORRECTION,CHOICE_STATUS) values (1514,'a',1513,'N',3);
Insert into TDCS.TDCS_CHOICES (CHOICE_ID,CHOICE_DESCRIPTION,QUESTION_ID,CHOICE_CORRECTION,CHOICE_STATUS) values (1515,'b',1513,'Y',3);
Insert into TDCS.TDCS_CHOICES (CHOICE_ID,CHOICE_DESCRIPTION,QUESTION_ID,CHOICE_CORRECTION,CHOICE_STATUS) values (1516,'c',1513,'N',3);
Insert into TDCS.TDCS_CHOICES (CHOICE_ID,CHOICE_DESCRIPTION,QUESTION_ID,CHOICE_CORRECTION,CHOICE_STATUS) values (1517,'d',1513,'N',3);
Insert into TDCS.TDCS_CHOICES (CHOICE_ID,CHOICE_DESCRIPTION,QUESTION_ID,CHOICE_CORRECTION,CHOICE_STATUS) values (2020,'a',2007,'N',3);
Insert into TDCS.TDCS_CHOICES (CHOICE_ID,CHOICE_DESCRIPTION,QUESTION_ID,CHOICE_CORRECTION,CHOICE_STATUS) values (2021,'b',2007,'N',3);
Insert into TDCS.TDCS_CHOICES (CHOICE_ID,CHOICE_DESCRIPTION,QUESTION_ID,CHOICE_CORRECTION,CHOICE_STATUS) values (2022,'c',2007,'Y',3);
Insert into TDCS.TDCS_CHOICES (CHOICE_ID,CHOICE_DESCRIPTION,QUESTION_ID,CHOICE_CORRECTION,CHOICE_STATUS) values (2023,'d',2007,'N',3);
Insert into TDCS.TDCS_CHOICES (CHOICE_ID,CHOICE_DESCRIPTION,QUESTION_ID,CHOICE_CORRECTION,CHOICE_STATUS) values (365,'ไทย',562,'N',3);
Insert into TDCS.TDCS_CHOICES (CHOICE_ID,CHOICE_DESCRIPTION,QUESTION_ID,CHOICE_CORRECTION,CHOICE_STATUS) values (366,'อังกฤษ',562,'N',3);
Insert into TDCS.TDCS_CHOICES (CHOICE_ID,CHOICE_DESCRIPTION,QUESTION_ID,CHOICE_CORRECTION,CHOICE_STATUS) values (367,'java',562,'Y',3);
Insert into TDCS.TDCS_CHOICES (CHOICE_ID,CHOICE_DESCRIPTION,QUESTION_ID,CHOICE_CORRECTION,CHOICE_STATUS) values (368,'facebook',562,'N',3);
Insert into TDCS.TDCS_CHOICES (CHOICE_ID,CHOICE_DESCRIPTION,QUESTION_ID,CHOICE_CORRECTION,CHOICE_STATUS) values (369,'Browser',563,'Y',3);
Insert into TDCS.TDCS_CHOICES (CHOICE_ID,CHOICE_DESCRIPTION,QUESTION_ID,CHOICE_CORRECTION,CHOICE_STATUS) values (370,'Photoshop',563,'N',3);
Insert into TDCS.TDCS_CHOICES (CHOICE_ID,CHOICE_DESCRIPTION,QUESTION_ID,CHOICE_CORRECTION,CHOICE_STATUS) values (371,'C++',563,'N',3);
Insert into TDCS.TDCS_CHOICES (CHOICE_ID,CHOICE_DESCRIPTION,QUESTION_ID,CHOICE_CORRECTION,CHOICE_STATUS) values (372,'Adobe Reader X',563,'N',3);
Insert into TDCS.TDCS_CHOICES (CHOICE_ID,CHOICE_DESCRIPTION,QUESTION_ID,CHOICE_CORRECTION,CHOICE_STATUS) values (373,'windows',564,'N',3);
Insert into TDCS.TDCS_CHOICES (CHOICE_ID,CHOICE_DESCRIPTION,QUESTION_ID,CHOICE_CORRECTION,CHOICE_STATUS) values (374,'IOS',564,'N',3);
Insert into TDCS.TDCS_CHOICES (CHOICE_ID,CHOICE_DESCRIPTION,QUESTION_ID,CHOICE_CORRECTION,CHOICE_STATUS) values (375,'android',564,'N',3);
Insert into TDCS.TDCS_CHOICES (CHOICE_ID,CHOICE_DESCRIPTION,QUESTION_ID,CHOICE_CORRECTION,CHOICE_STATUS) values (376,'ทุกระบบ',564,'Y',3);
Insert into TDCS.TDCS_CHOICES (CHOICE_ID,CHOICE_DESCRIPTION,QUESTION_ID,CHOICE_CORRECTION,CHOICE_STATUS) values (1828,'or',1827,'N',3);
Insert into TDCS.TDCS_CHOICES (CHOICE_ID,CHOICE_DESCRIPTION,QUESTION_ID,CHOICE_CORRECTION,CHOICE_STATUS) values (1829,'not',1827,'N',3);
Insert into TDCS.TDCS_CHOICES (CHOICE_ID,CHOICE_DESCRIPTION,QUESTION_ID,CHOICE_CORRECTION,CHOICE_STATUS) values (1830,'and',1827,'Y',3);
Insert into TDCS.TDCS_CHOICES (CHOICE_ID,CHOICE_DESCRIPTION,QUESTION_ID,CHOICE_CORRECTION,CHOICE_STATUS) values (1831,'ไม่มีข้อถูก',1827,'N',3);
Insert into TDCS.TDCS_CHOICES (CHOICE_ID,CHOICE_DESCRIPTION,QUESTION_ID,CHOICE_CORRECTION,CHOICE_STATUS) values (1833,'การใช้งานที่ซับซ้อน',1832,'N',3);
Insert into TDCS.TDCS_CHOICES (CHOICE_ID,CHOICE_DESCRIPTION,QUESTION_ID,CHOICE_CORRECTION,CHOICE_STATUS) values (1834,'ค่าใช้จ่ายต่ำ',1832,'N',3);
Insert into TDCS.TDCS_CHOICES (CHOICE_ID,CHOICE_DESCRIPTION,QUESTION_ID,CHOICE_CORRECTION,CHOICE_STATUS) values (1835,'ความสามารถใช้กับเครื่องใดก็ได้',1832,'N',3);
Insert into TDCS.TDCS_CHOICES (CHOICE_ID,CHOICE_DESCRIPTION,QUESTION_ID,CHOICE_CORRECTION,CHOICE_STATUS) values (1836,'ไม่มีข้อผิดพลาด',1832,'Y',3);
Insert into TDCS.TDCS_CHOICES (CHOICE_ID,CHOICE_DESCRIPTION,QUESTION_ID,CHOICE_CORRECTION,CHOICE_STATUS) values (2024,'standard',2008,'N',3);
Insert into TDCS.TDCS_CHOICES (CHOICE_ID,CHOICE_DESCRIPTION,QUESTION_ID,CHOICE_CORRECTION,CHOICE_STATUS) values (2025,'while',2008,'Y',3);
Insert into TDCS.TDCS_CHOICES (CHOICE_ID,CHOICE_DESCRIPTION,QUESTION_ID,CHOICE_CORRECTION,CHOICE_STATUS) values (2026,'loop',2008,'N',3);
Insert into TDCS.TDCS_CHOICES (CHOICE_ID,CHOICE_DESCRIPTION,QUESTION_ID,CHOICE_CORRECTION,CHOICE_STATUS) values (2027,'jsp',2008,'N',3);
Insert into TDCS.TDCS_CHOICES (CHOICE_ID,CHOICE_DESCRIPTION,QUESTION_ID,CHOICE_CORRECTION,CHOICE_STATUS) values (2028,'void method () { }',2009,'N',3);
Insert into TDCS.TDCS_CHOICES (CHOICE_ID,CHOICE_DESCRIPTION,QUESTION_ID,CHOICE_CORRECTION,CHOICE_STATUS) values (2029,'void excite (int a) { }',2009,'N',3);
Insert into TDCS.TDCS_CHOICES (CHOICE_ID,CHOICE_DESCRIPTION,QUESTION_ID,CHOICE_CORRECTION,CHOICE_STATUS) values (2030,'int outpro (true a) { }',2009,'Y',3);
Insert into TDCS.TDCS_CHOICES (CHOICE_ID,CHOICE_DESCRIPTION,QUESTION_ID,CHOICE_CORRECTION,CHOICE_STATUS) values (2031,'void byebye (int a) { }',2009,'N',3);
REM INSERTING into TDCS.TDCS_COMPANY
SET DEFINE OFF;
Insert into TDCS.TDCS_COMPANY (COMP_ID,COMP_NAME) values (1,'SoftSquare1999');
Insert into TDCS.TDCS_COMPANY (COMP_ID,COMP_NAME) values (2,'goSoft');
Insert into TDCS.TDCS_COMPANY (COMP_ID,COMP_NAME) values (3,'RangsitSoft');
REM INSERTING into TDCS.TDCS_DESCRIPTION
SET DEFINE OFF;
Insert into TDCS.TDCS_DESCRIPTION (DESC_ID,SUB_ID,DESC_DATA,MIN,MAX,GRADE) values (453,157,'สร้างสัมพันธภาพที่ดีทำให้ทีมงานสามารถทำงานร่วมกันได้',2,2,'C');
Insert into TDCS.TDCS_DESCRIPTION (DESC_ID,SUB_ID,DESC_DATA,MIN,MAX,GRADE) values (454,157,'มีความขัดแย้งบ้าง แต่สามารถทำงานร่วมกันได้',1,1,'D');
Insert into TDCS.TDCS_DESCRIPTION (DESC_ID,SUB_ID,DESC_DATA,MIN,MAX,GRADE) values (455,157,'ไม่สามารถทำงานร่วมกันผู้อื่นได้',0,0,'F');
Insert into TDCS.TDCS_DESCRIPTION (DESC_ID,SUB_ID,DESC_DATA,MIN,MAX,GRADE) values (456,158,'รับฟังความคิดเห็นของผู้อื่น และเลือกแนวทางในการปรับปรุง หรือแก้ไขปัญหาที่ได้รับการยอมรับจากทุกฝ่ายได้',5,5,'A');
Insert into TDCS.TDCS_DESCRIPTION (DESC_ID,SUB_ID,DESC_DATA,MIN,MAX,GRADE) values (457,158,'รับฟังความคิดเห็นของผู้อื่น และเลือกแนวทางในการปรับปรุง หรือแก้ไขปัญหาที่ได้รับการยอมรับจากทุกฝ่าย',4,4,'B');
Insert into TDCS.TDCS_DESCRIPTION (DESC_ID,SUB_ID,DESC_DATA,MIN,MAX,GRADE) values (458,158,'รับฟังความคิดเห็นของผู้อื่น',1,3,'C');
Insert into TDCS.TDCS_DESCRIPTION (DESC_ID,SUB_ID,DESC_DATA,MIN,MAX,GRADE) values (459,158,'ไม่เปิดโอกาสในการรับฟังความคิดเห็นผู้อื่น',0,0,'D');
Insert into TDCS.TDCS_DESCRIPTION (DESC_ID,SUB_ID,DESC_DATA,MIN,MAX,GRADE) values (460,158,'ไม่เปิดโอกาส และไม่ยอมรับฟังความคิดเห็นของผู้อื่น',0,0,'F');
Insert into TDCS.TDCS_DESCRIPTION (DESC_ID,SUB_ID,DESC_DATA,MIN,MAX,GRADE) values (461,159,'วางแผนการใช้เวลาว่างในการหาความรู้หรือถ่ายทอดความรู้สู่ผู้อื่นให้เกิดประโยชน์สูงสุด',7,10,'A');
Insert into TDCS.TDCS_DESCRIPTION (DESC_ID,SUB_ID,DESC_DATA,MIN,MAX,GRADE) values (462,159,'วางแผนการใช้เวลาว่างในการหาความรู้อย่างสม่ำเสมอ',4,6,'B');
Insert into TDCS.TDCS_DESCRIPTION (DESC_ID,SUB_ID,DESC_DATA,MIN,MAX,GRADE) values (311,104,'รับผิดชอบต่องานที่ได้รับมอบหมาย และติดตามงาน',2,2,'C');
Insert into TDCS.TDCS_DESCRIPTION (DESC_ID,SUB_ID,DESC_DATA,MIN,MAX,GRADE) values (312,104,'รับผิดชอบต่องานที่ได้รับมอบหมาย แต่ไม่ติดตามงานจนแล้วเสร็จ',1,1,'D');
Insert into TDCS.TDCS_DESCRIPTION (DESC_ID,SUB_ID,DESC_DATA,MIN,MAX,GRADE) values (313,104,'ไม่ให้ความสำคัญกับงานที่ได้รับมอบหมาย',0,0,'F');
Insert into TDCS.TDCS_DESCRIPTION (DESC_ID,SUB_ID,DESC_DATA,MIN,MAX,GRADE) values (309,104,'รับผิดชอบต่องานที่ได้รับมอบหมาย และติดตามงานจนแล้วเสร็จ โดยมีความพยายามอย่างสุดความสามารถ ไม่ย่อท้อต่ออุปสรรค/ปัญหา',5,5,'A');
Insert into TDCS.TDCS_DESCRIPTION (DESC_ID,SUB_ID,DESC_DATA,MIN,MAX,GRADE) values (310,104,'รับผิดชอบต่องานที่ได้รับมอบหมาย และติดตามงานจนแล้วเสร็จ โดยมีความพยายามสุดความสามารถ ต้องการกำลังใจ หรือการสนับสนุนเพิ่มเติมในบางครั้ง',2,4,'B');
Insert into TDCS.TDCS_DESCRIPTION (DESC_ID,SUB_ID,DESC_DATA,MIN,MAX,GRADE) values (463,159,'พยายามหาใช้เวลาว่างในการหาความรู้',1,3,'C');
Insert into TDCS.TDCS_DESCRIPTION (DESC_ID,SUB_ID,DESC_DATA,MIN,MAX,GRADE) values (464,159,'หาความรู้เพิ่มเติม เมื่อพบว่าต้องใช้แก้ปัญหาในงาน หรือรอหัวหน้างานสั่ง',0,0,'D');
Insert into TDCS.TDCS_DESCRIPTION (DESC_ID,SUB_ID,DESC_DATA,MIN,MAX,GRADE) values (465,159,'ไม่สนใจหาความรู้เพิ่มเติม',0,0,'F');
Insert into TDCS.TDCS_DESCRIPTION (DESC_ID,SUB_ID,DESC_DATA,MIN,MAX,GRADE) values (282,97,'สามารถทำคะแนนสอบอยู่ในช่วง 26-30 คะแนน',26,30,'A');
Insert into TDCS.TDCS_DESCRIPTION (DESC_ID,SUB_ID,DESC_DATA,MIN,MAX,GRADE) values (283,97,'สามารถทำคะแนนสอบอยู่ในช่วง 20-25 คะแนน',20,25,'B');
Insert into TDCS.TDCS_DESCRIPTION (DESC_ID,SUB_ID,DESC_DATA,MIN,MAX,GRADE) values (284,97,'สามารถทำคะแนนสอบอยู่ในช่วง 14-19 คะแนน',14,19,'C');
Insert into TDCS.TDCS_DESCRIPTION (DESC_ID,SUB_ID,DESC_DATA,MIN,MAX,GRADE) values (285,97,'สามารถทำคะแนนสอบอยู่ในช่วง 8-13 คะแนน',8,13,'D');
Insert into TDCS.TDCS_DESCRIPTION (DESC_ID,SUB_ID,DESC_DATA,MIN,MAX,GRADE) values (286,97,'ไม่สามารถทำคะแนนได้ถึง 8 คะแนน',0,7,'F');
Insert into TDCS.TDCS_DESCRIPTION (DESC_ID,SUB_ID,DESC_DATA,MIN,MAX,GRADE) values (423,151,'สามารถทำงานที่ได้รับมอบหมายได้และส่งงานตรงเวลา แต่มีข้อผิดพลาดบ้าง',1,2,'C');
Insert into TDCS.TDCS_DESCRIPTION (DESC_ID,SUB_ID,DESC_DATA,MIN,MAX,GRADE) values (424,151,'สามารถทำงานที่ได้รับมอบหมายได้ แต่ส่งงานไม่ตรงเวลา',0,0,'D');
Insert into TDCS.TDCS_DESCRIPTION (DESC_ID,SUB_ID,DESC_DATA,MIN,MAX,GRADE) values (425,151,'ไม่สามารถทำงานที่ได้รับมอบหมายได้',0,0,'F');
Insert into TDCS.TDCS_DESCRIPTION (DESC_ID,SUB_ID,DESC_DATA,MIN,MAX,GRADE) values (421,151,'สามารถทำงานที่ได้รับมอบหมายได้ ส่งงานตรงเวลา สามารถตรวจสอบคุณภาพงาน และนำเสนอแนวทางในการปรับปรุง/ตรวจสอบคุณภาพงานได้',5,5,'A');
Insert into TDCS.TDCS_DESCRIPTION (DESC_ID,SUB_ID,DESC_DATA,MIN,MAX,GRADE) values (422,151,'สามารถทำงานที่ได้รับมอบหมายได้ ส่งงานตรงเวลา โดยไม่มีข้อผิดพลาด',3,4,'B');
Insert into TDCS.TDCS_DESCRIPTION (DESC_ID,SUB_ID,DESC_DATA,MIN,MAX,GRADE) values (426,152,'มีการเก็บตัววัดคุณภาพ ประเมินการทำงานให้ดีขึ้นอย่างสม่ำเสมอ',5,5,'A');
Insert into TDCS.TDCS_DESCRIPTION (DESC_ID,SUB_ID,DESC_DATA,MIN,MAX,GRADE) values (427,152,'มีการเก็บตัววัดคุณภาพ และประเมินการทำงานอย่างสม่ำเสมอ',3,4,'B');
Insert into TDCS.TDCS_DESCRIPTION (DESC_ID,SUB_ID,DESC_DATA,MIN,MAX,GRADE) values (428,152,'มีการเก็บตัววัดคุณภาพ และตรวจสอบความครบถ้วนถูกต้องอย่างสม่ำเสมอ',3,3,'C');
Insert into TDCS.TDCS_DESCRIPTION (DESC_ID,SUB_ID,DESC_DATA,MIN,MAX,GRADE) values (429,152,'สามารถทำงานที่ได้รับมอบหมายได้ แต่ส่งงานไม่ตรงเวลา',2,2,'D');
Insert into TDCS.TDCS_DESCRIPTION (DESC_ID,SUB_ID,DESC_DATA,MIN,MAX,GRADE) values (430,152,'ไม่สามารถทำงานที่ได้รับมอบหมายได้',0,1,'F');
Insert into TDCS.TDCS_DESCRIPTION (DESC_ID,SUB_ID,DESC_DATA,MIN,MAX,GRADE) values (431,153,'สามารถวางแผนสำหรับตนเอง และผู้ร่วมงานได้อย่างครบถ้วน ทำให้งานสามารถสำเร็จลุล่วงได้ด้วยดี',5,5,'A');
Insert into TDCS.TDCS_DESCRIPTION (DESC_ID,SUB_ID,DESC_DATA,MIN,MAX,GRADE) values (432,153,'สามารถวางแผนสำหรับตนเอง และผู้ร่วมงานได้',3,4,'B');
Insert into TDCS.TDCS_DESCRIPTION (DESC_ID,SUB_ID,DESC_DATA,MIN,MAX,GRADE) values (433,153,'สามารถวางแผนสำหรับตนเองได้',2,2,'C');
Insert into TDCS.TDCS_DESCRIPTION (DESC_ID,SUB_ID,DESC_DATA,MIN,MAX,GRADE) values (434,153,'พยายามเรียนรู้และเริ่มต้นวางแผนสำหรับตนเองบ้าง',0,1,'D');
Insert into TDCS.TDCS_DESCRIPTION (DESC_ID,SUB_ID,DESC_DATA,MIN,MAX,GRADE) values (435,153,'ไม่มีการวางแผน',0,0,'F');
Insert into TDCS.TDCS_DESCRIPTION (DESC_ID,SUB_ID,DESC_DATA,MIN,MAX,GRADE) values (436,154,'สามารถประเมินความเสี่ยงของงาน หาแนวทางป้องกัน และสามารถจัดการปัญหาที่เกิดขึ้นได้',4,5,'A');
Insert into TDCS.TDCS_DESCRIPTION (DESC_ID,SUB_ID,DESC_DATA,MIN,MAX,GRADE) values (437,154,'สามารถประเมินความเสี่ยงของงาน แต่ยังต้องการคำแนะนำในการป้องกัน และสามารถจัดการปัญหาที่เกิดขึ้นได้',2,3,'B');
Insert into TDCS.TDCS_DESCRIPTION (DESC_ID,SUB_ID,DESC_DATA,MIN,MAX,GRADE) values (438,154,'ไม่สามารถประเมินความเสี่ยงของงาน และต้องการความช่วยเหลือในการจัดการเป็นครั้งคาว',0,1,'C');
Insert into TDCS.TDCS_DESCRIPTION (DESC_ID,SUB_ID,DESC_DATA,MIN,MAX,GRADE) values (439,154,'ไม่สามารถประเมินความเสี่ยง และต้องการความช่วยเหลือในการแก้ไขปัญหาเสมอ',0,0,'D');
Insert into TDCS.TDCS_DESCRIPTION (DESC_ID,SUB_ID,DESC_DATA,MIN,MAX,GRADE) values (440,154,'ไม่สามารถประเมินความเสี่ยงของงานและไม่สามารถจัดการปัญหาได้',0,0,'F');
Insert into TDCS.TDCS_DESCRIPTION (DESC_ID,SUB_ID,DESC_DATA,MIN,MAX,GRADE) values (441,155,'ดูแลรับผิดชอบต่อทรัพย์สินส่วนรวม ให้อยู่ในสภาพดี ใช้ทรัพยากรอย่างคุ้มค่าและพยายามปลูกฝังค่านิยมให้ทุกคนปฎิบัติตาม',4,5,'A');
Insert into TDCS.TDCS_DESCRIPTION (DESC_ID,SUB_ID,DESC_DATA,MIN,MAX,GRADE) values (442,155,'ดูแลรับผิดชอบต่อทรัพย์สินส่วนรวม ให้อยู่ในสภาพดี และใช้ทรัพยากรอย่างคุ้มค่า',2,3,'B');
Insert into TDCS.TDCS_DESCRIPTION (DESC_ID,SUB_ID,DESC_DATA,MIN,MAX,GRADE) values (443,155,'รับผิดชอบต่อทรัพย์สินส่วนรวม ให้ใช้งานได้ ไม่สูญหาย และไม่ใช้ทรัพยากรสิ้นเปลือง',1,2,'C');
Insert into TDCS.TDCS_DESCRIPTION (DESC_ID,SUB_ID,DESC_DATA,MIN,MAX,GRADE) values (444,155,'รับผิดชอบต่อทรัพย์สินที่ให้ใช้ส่วนตัว ให้ใช้งานได้ ไม่สูญหาย',0,1,'D');
Insert into TDCS.TDCS_DESCRIPTION (DESC_ID,SUB_ID,DESC_DATA,MIN,MAX,GRADE) values (445,155,'ไม่ต้องการรับผิดชอบ',0,0,'F');
Insert into TDCS.TDCS_DESCRIPTION (DESC_ID,SUB_ID,DESC_DATA,MIN,MAX,GRADE) values (446,156,'มีแนวคิด และแนวปฏิบัติในการพัฒนาประสิทธิภาพการทำงาน อันเป็นแบบอย่างที่ดีสำหรับผู้อื่น',9,10,'A');
Insert into TDCS.TDCS_DESCRIPTION (DESC_ID,SUB_ID,DESC_DATA,MIN,MAX,GRADE) values (447,156,'มีแนวคิด และแนวปฏิบัติในการพัฒนาประสิทธิภาพการทำงาน',6,8,'B');
Insert into TDCS.TDCS_DESCRIPTION (DESC_ID,SUB_ID,DESC_DATA,MIN,MAX,GRADE) values (448,156,'มีแนวคิด และแนวปฏิบัติในการพัฒนาประสิทธิภาพการทำงาน แต่ยังต้องปรับเปลี่ยนเพื่อความเหมาะสมบ้าง',3,5,'C');
Insert into TDCS.TDCS_DESCRIPTION (DESC_ID,SUB_ID,DESC_DATA,MIN,MAX,GRADE) values (449,156,'มีแนวคิดที่มีประโยชน์ต่องาน แต่ยังไม่สามารถทำได้จริง',0,2,'D');
Insert into TDCS.TDCS_DESCRIPTION (DESC_ID,SUB_ID,DESC_DATA,MIN,MAX,GRADE) values (450,156,'ไม่มีแนวคิดที่มีประโยชน์ต่องาน',0,0,'F');
Insert into TDCS.TDCS_DESCRIPTION (DESC_ID,SUB_ID,DESC_DATA,MIN,MAX,GRADE) values (451,157,'รู้จักป้องกัน-แก้ไขปัญหา สร้างสัมพันธภาพที่ดี ทำให้ทีมงานสามารถทำงานร่วมกันได้อย่างมีประสิทธิผลมากที่สุด',4,5,'A');
Insert into TDCS.TDCS_DESCRIPTION (DESC_ID,SUB_ID,DESC_DATA,MIN,MAX,GRADE) values (452,157,'รู้จักแก้ไขปัญหา สร้างสัมพันธภาพที่ดีทำให้ทีมงานสามารถทำงานร่วมกันได้',3,3,'B');
REM INSERTING into TDCS.TDCS_DIFFICULTIES
SET DEFINE OFF;
Insert into TDCS.TDCS_DIFFICULTIES (DIFFICULTY_LEVEL,DIFFICULTY_DESCRIPTION) values (1,'ง่าย');
Insert into TDCS.TDCS_DIFFICULTIES (DIFFICULTY_LEVEL,DIFFICULTY_DESCRIPTION) values (2,'ปานกลาง');
Insert into TDCS.TDCS_DIFFICULTIES (DIFFICULTY_LEVEL,DIFFICULTY_DESCRIPTION) values (3,'ยาก');
REM INSERTING into TDCS.TDCS_EVALUATE
SET DEFINE OFF;
Insert into TDCS.TDCS_EVALUATE (USER_ID,SUB_ID,SCORE,NOTE,TYPE,EVA_ID) values (583,153,5,null,'s',1455);
Insert into TDCS.TDCS_EVALUATE (USER_ID,SUB_ID,SCORE,NOTE,TYPE,EVA_ID) values (583,154,5,null,'s',1456);
Insert into TDCS.TDCS_EVALUATE (USER_ID,SUB_ID,SCORE,NOTE,TYPE,EVA_ID) values (583,155,5,null,'s',1457);
Insert into TDCS.TDCS_EVALUATE (USER_ID,SUB_ID,SCORE,NOTE,TYPE,EVA_ID) values (583,156,5,null,'s',1458);
Insert into TDCS.TDCS_EVALUATE (USER_ID,SUB_ID,SCORE,NOTE,TYPE,EVA_ID) values (583,157,5,null,'s',1459);
Insert into TDCS.TDCS_EVALUATE (USER_ID,SUB_ID,SCORE,NOTE,TYPE,EVA_ID) values (583,158,5,null,'s',1460);
Insert into TDCS.TDCS_EVALUATE (USER_ID,SUB_ID,SCORE,NOTE,TYPE,EVA_ID) values (583,159,5,null,'s',1461);
Insert into TDCS.TDCS_EVALUATE (USER_ID,SUB_ID,SCORE,NOTE,TYPE,EVA_ID) values (583,97,20,null,'e',1462);
Insert into TDCS.TDCS_EVALUATE (USER_ID,SUB_ID,SCORE,NOTE,TYPE,EVA_ID) values (583,104,5,null,'e',1463);
Insert into TDCS.TDCS_EVALUATE (USER_ID,SUB_ID,SCORE,NOTE,TYPE,EVA_ID) values (583,151,5,null,'e',1464);
Insert into TDCS.TDCS_EVALUATE (USER_ID,SUB_ID,SCORE,NOTE,TYPE,EVA_ID) values (583,152,5,null,'e',1465);
Insert into TDCS.TDCS_EVALUATE (USER_ID,SUB_ID,SCORE,NOTE,TYPE,EVA_ID) values (583,153,5,null,'e',1466);
Insert into TDCS.TDCS_EVALUATE (USER_ID,SUB_ID,SCORE,NOTE,TYPE,EVA_ID) values (583,154,5,null,'e',1467);
Insert into TDCS.TDCS_EVALUATE (USER_ID,SUB_ID,SCORE,NOTE,TYPE,EVA_ID) values (583,155,5,null,'e',1468);
Insert into TDCS.TDCS_EVALUATE (USER_ID,SUB_ID,SCORE,NOTE,TYPE,EVA_ID) values (583,156,5,null,'e',1469);
Insert into TDCS.TDCS_EVALUATE (USER_ID,SUB_ID,SCORE,NOTE,TYPE,EVA_ID) values (583,157,5,null,'e',1470);
Insert into TDCS.TDCS_EVALUATE (USER_ID,SUB_ID,SCORE,NOTE,TYPE,EVA_ID) values (583,158,5,null,'e',1471);
Insert into TDCS.TDCS_EVALUATE (USER_ID,SUB_ID,SCORE,NOTE,TYPE,EVA_ID) values (583,159,5,null,'e',1472);
Insert into TDCS.TDCS_EVALUATE (USER_ID,SUB_ID,SCORE,NOTE,TYPE,EVA_ID) values (581,97,24,null,'s',1481);
Insert into TDCS.TDCS_EVALUATE (USER_ID,SUB_ID,SCORE,NOTE,TYPE,EVA_ID) values (581,104,4,null,'s',1482);
Insert into TDCS.TDCS_EVALUATE (USER_ID,SUB_ID,SCORE,NOTE,TYPE,EVA_ID) values (581,151,4,null,'s',1483);
Insert into TDCS.TDCS_EVALUATE (USER_ID,SUB_ID,SCORE,NOTE,TYPE,EVA_ID) values (581,152,3,null,'s',1484);
Insert into TDCS.TDCS_EVALUATE (USER_ID,SUB_ID,SCORE,NOTE,TYPE,EVA_ID) values (581,153,5,null,'s',1485);
Insert into TDCS.TDCS_EVALUATE (USER_ID,SUB_ID,SCORE,NOTE,TYPE,EVA_ID) values (581,154,2,null,'s',1486);
Insert into TDCS.TDCS_EVALUATE (USER_ID,SUB_ID,SCORE,NOTE,TYPE,EVA_ID) values (581,155,3,null,'s',1487);
Insert into TDCS.TDCS_EVALUATE (USER_ID,SUB_ID,SCORE,NOTE,TYPE,EVA_ID) values (581,156,6,null,'s',1488);
Insert into TDCS.TDCS_EVALUATE (USER_ID,SUB_ID,SCORE,NOTE,TYPE,EVA_ID) values (581,157,3,null,'s',1489);
Insert into TDCS.TDCS_EVALUATE (USER_ID,SUB_ID,SCORE,NOTE,TYPE,EVA_ID) values (581,158,4,null,'s',1490);
Insert into TDCS.TDCS_EVALUATE (USER_ID,SUB_ID,SCORE,NOTE,TYPE,EVA_ID) values (583,97,30,'test','s',1451);
Insert into TDCS.TDCS_EVALUATE (USER_ID,SUB_ID,SCORE,NOTE,TYPE,EVA_ID) values (583,104,5,null,'s',1452);
Insert into TDCS.TDCS_EVALUATE (USER_ID,SUB_ID,SCORE,NOTE,TYPE,EVA_ID) values (583,151,5,null,'s',1453);
Insert into TDCS.TDCS_EVALUATE (USER_ID,SUB_ID,SCORE,NOTE,TYPE,EVA_ID) values (583,152,5,null,'s',1454);
Insert into TDCS.TDCS_EVALUATE (USER_ID,SUB_ID,SCORE,NOTE,TYPE,EVA_ID) values (581,159,7,null,'s',1491);
REM INSERTING into TDCS.TDCS_EXAM_ANSWER_RECORDS
SET DEFINE OFF;
Insert into TDCS.TDCS_EXAM_ANSWER_RECORDS (ANSWER_RECORD_ID,QUESTION_ID,ANSWER_OBJECTIVE,EXAM_RECORD_ID) values (1984,1662,null,1983);
Insert into TDCS.TDCS_EXAM_ANSWER_RECORDS (ANSWER_RECORD_ID,QUESTION_ID,ANSWER_OBJECTIVE,EXAM_RECORD_ID) values (1985,562,null,1983);
Insert into TDCS.TDCS_EXAM_ANSWER_RECORDS (ANSWER_RECORD_ID,QUESTION_ID,ANSWER_OBJECTIVE,EXAM_RECORD_ID) values (1986,561,null,1983);
Insert into TDCS.TDCS_EXAM_ANSWER_RECORDS (ANSWER_RECORD_ID,QUESTION_ID,ANSWER_OBJECTIVE,EXAM_RECORD_ID) values (1987,1508,null,1983);
Insert into TDCS.TDCS_EXAM_ANSWER_RECORDS (ANSWER_RECORD_ID,QUESTION_ID,ANSWER_OBJECTIVE,EXAM_RECORD_ID) values (1988,566,null,1983);
Insert into TDCS.TDCS_EXAM_ANSWER_RECORDS (ANSWER_RECORD_ID,QUESTION_ID,ANSWER_OBJECTIVE,EXAM_RECORD_ID) values (1989,1819,null,1983);
Insert into TDCS.TDCS_EXAM_ANSWER_RECORDS (ANSWER_RECORD_ID,QUESTION_ID,ANSWER_OBJECTIVE,EXAM_RECORD_ID) values (1950,562,368,1949);
Insert into TDCS.TDCS_EXAM_ANSWER_RECORDS (ANSWER_RECORD_ID,QUESTION_ID,ANSWER_OBJECTIVE,EXAM_RECORD_ID) values (1951,566,null,1949);
Insert into TDCS.TDCS_EXAM_ANSWER_RECORDS (ANSWER_RECORD_ID,QUESTION_ID,ANSWER_OBJECTIVE,EXAM_RECORD_ID) values (1952,561,361,1949);
Insert into TDCS.TDCS_EXAM_ANSWER_RECORDS (ANSWER_RECORD_ID,QUESTION_ID,ANSWER_OBJECTIVE,EXAM_RECORD_ID) values (1953,1508,1512,1949);
Insert into TDCS.TDCS_EXAM_ANSWER_RECORDS (ANSWER_RECORD_ID,QUESTION_ID,ANSWER_OBJECTIVE,EXAM_RECORD_ID) values (1974,566,null,1973);
Insert into TDCS.TDCS_EXAM_ANSWER_RECORDS (ANSWER_RECORD_ID,QUESTION_ID,ANSWER_OBJECTIVE,EXAM_RECORD_ID) values (1975,1819,1823,1973);
Insert into TDCS.TDCS_EXAM_ANSWER_RECORDS (ANSWER_RECORD_ID,QUESTION_ID,ANSWER_OBJECTIVE,EXAM_RECORD_ID) values (1976,1508,1511,1973);
Insert into TDCS.TDCS_EXAM_ANSWER_RECORDS (ANSWER_RECORD_ID,QUESTION_ID,ANSWER_OBJECTIVE,EXAM_RECORD_ID) values (1977,561,363,1973);
Insert into TDCS.TDCS_EXAM_ANSWER_RECORDS (ANSWER_RECORD_ID,QUESTION_ID,ANSWER_OBJECTIVE,EXAM_RECORD_ID) values (1978,1662,null,1973);
Insert into TDCS.TDCS_EXAM_ANSWER_RECORDS (ANSWER_RECORD_ID,QUESTION_ID,ANSWER_OBJECTIVE,EXAM_RECORD_ID) values (1979,562,367,1973);
Insert into TDCS.TDCS_EXAM_ANSWER_RECORDS (ANSWER_RECORD_ID,QUESTION_ID,ANSWER_OBJECTIVE,EXAM_RECORD_ID) values (1990,1508,1512,1984);
Insert into TDCS.TDCS_EXAM_ANSWER_RECORDS (ANSWER_RECORD_ID,QUESTION_ID,ANSWER_OBJECTIVE,EXAM_RECORD_ID) values (1991,562,367,1984);
Insert into TDCS.TDCS_EXAM_ANSWER_RECORDS (ANSWER_RECORD_ID,QUESTION_ID,ANSWER_OBJECTIVE,EXAM_RECORD_ID) values (1992,561,361,1984);
Insert into TDCS.TDCS_EXAM_ANSWER_RECORDS (ANSWER_RECORD_ID,QUESTION_ID,ANSWER_OBJECTIVE,EXAM_RECORD_ID) values (1993,566,null,1984);
Insert into TDCS.TDCS_EXAM_ANSWER_RECORDS (ANSWER_RECORD_ID,QUESTION_ID,ANSWER_OBJECTIVE,EXAM_RECORD_ID) values (1994,1860,1862,1985);
Insert into TDCS.TDCS_EXAM_ANSWER_RECORDS (ANSWER_RECORD_ID,QUESTION_ID,ANSWER_OBJECTIVE,EXAM_RECORD_ID) values (1995,1662,null,1985);
Insert into TDCS.TDCS_EXAM_ANSWER_RECORDS (ANSWER_RECORD_ID,QUESTION_ID,ANSWER_OBJECTIVE,EXAM_RECORD_ID) values (1996,1827,1831,1985);
Insert into TDCS.TDCS_EXAM_ANSWER_RECORDS (ANSWER_RECORD_ID,QUESTION_ID,ANSWER_OBJECTIVE,EXAM_RECORD_ID) values (1997,563,370,1985);
Insert into TDCS.TDCS_EXAM_ANSWER_RECORDS (ANSWER_RECORD_ID,QUESTION_ID,ANSWER_OBJECTIVE,EXAM_RECORD_ID) values (1998,1508,1509,1985);
Insert into TDCS.TDCS_EXAM_ANSWER_RECORDS (ANSWER_RECORD_ID,QUESTION_ID,ANSWER_OBJECTIVE,EXAM_RECORD_ID) values (1999,1970,null,1985);
REM INSERTING into TDCS.TDCS_EXAM_MARKING_RECORD
SET DEFINE OFF;
Insert into TDCS.TDCS_EXAM_MARKING_RECORD (ANSWER_RECORD_ID,MARKED_BY,MARKING_SCORE,MARKING_RECORD_ID,EXAM_RESULT_ID) values (1978,537,5,1981,1980);
Insert into TDCS.TDCS_EXAM_MARKING_RECORD (ANSWER_RECORD_ID,MARKED_BY,MARKING_SCORE,MARKING_RECORD_ID,EXAM_RESULT_ID) values (1974,537,1,1982,1980);
Insert into TDCS.TDCS_EXAM_MARKING_RECORD (ANSWER_RECORD_ID,MARKED_BY,MARKING_SCORE,MARKING_RECORD_ID,EXAM_RESULT_ID) values (1988,537,2,1992,1990);
Insert into TDCS.TDCS_EXAM_MARKING_RECORD (ANSWER_RECORD_ID,MARKED_BY,MARKING_SCORE,MARKING_RECORD_ID,EXAM_RESULT_ID) values (1984,537,5,1991,1990);
Insert into TDCS.TDCS_EXAM_MARKING_RECORD (ANSWER_RECORD_ID,MARKED_BY,MARKING_SCORE,MARKING_RECORD_ID,EXAM_RESULT_ID) values (1951,524,1,1955,1954);
Insert into TDCS.TDCS_EXAM_MARKING_RECORD (ANSWER_RECORD_ID,MARKED_BY,MARKING_SCORE,MARKING_RECORD_ID,EXAM_RESULT_ID) values (1999,582,1,1993,1992);
Insert into TDCS.TDCS_EXAM_MARKING_RECORD (ANSWER_RECORD_ID,MARKED_BY,MARKING_SCORE,MARKING_RECORD_ID,EXAM_RESULT_ID) values (1995,582,5,1994,1992);
Insert into TDCS.TDCS_EXAM_MARKING_RECORD (ANSWER_RECORD_ID,MARKED_BY,MARKING_SCORE,MARKING_RECORD_ID,EXAM_RESULT_ID) values (1993,582,2,1995,1991);
REM INSERTING into TDCS.TDCS_EXAM_PAPERS
SET DEFINE OFF;
Insert into TDCS.TDCS_EXAM_PAPERS (PAPER_ID,PAPER_NAME,PAPER_CREATE_DATE,PAPER_MAX_SCORE,PAPER_CREATE_BY,PAPER_STATUS,PAPER_FOR_POSITION,PAPER_UPDATE_DATE,PAPER_UPDATE_BY,PAPER_CODE,PAPER_TIME_LIMIT_MINUTE) values (1867,'จาวาพื้นฐาน ครั้งที 9',to_date('01-APR-16','DD-MON-RR'),22,null,1,1,null,null,'SYSTM',30);
Insert into TDCS.TDCS_EXAM_PAPERS (PAPER_ID,PAPER_NAME,PAPER_CREATE_DATE,PAPER_MAX_SCORE,PAPER_CREATE_BY,PAPER_STATUS,PAPER_FOR_POSITION,PAPER_UPDATE_DATE,PAPER_UPDATE_BY,PAPER_CODE,PAPER_TIME_LIMIT_MINUTE) values (1843,'ทดลองสร้างชุดข้อสอ#1',to_date('11-MAR-16','DD-MON-RR'),25,582,2,1,null,null,'T0001',60);
Insert into TDCS.TDCS_EXAM_PAPERS (PAPER_ID,PAPER_NAME,PAPER_CREATE_DATE,PAPER_MAX_SCORE,PAPER_CREATE_BY,PAPER_STATUS,PAPER_FOR_POSITION,PAPER_UPDATE_DATE,PAPER_UPDATE_BY,PAPER_CODE,PAPER_TIME_LIMIT_MINUTE) values (1858,'จาวาพื้นฐาน ครั้งที 2',to_date('18-MAR-16','DD-MON-RR'),22,null,1,null,null,null,'SYSTM',30);
Insert into TDCS.TDCS_EXAM_PAPERS (PAPER_ID,PAPER_NAME,PAPER_CREATE_DATE,PAPER_MAX_SCORE,PAPER_CREATE_BY,PAPER_STATUS,PAPER_FOR_POSITION,PAPER_UPDATE_DATE,PAPER_UPDATE_BY,PAPER_CODE,PAPER_TIME_LIMIT_MINUTE) values (1860,'จาวาพื้นฐาน ครั้งที 2',to_date('18-MAR-16','DD-MON-RR'),22,null,1,null,null,null,'SYSTM',30);
Insert into TDCS.TDCS_EXAM_PAPERS (PAPER_ID,PAPER_NAME,PAPER_CREATE_DATE,PAPER_MAX_SCORE,PAPER_CREATE_BY,PAPER_STATUS,PAPER_FOR_POSITION,PAPER_UPDATE_DATE,PAPER_UPDATE_BY,PAPER_CODE,PAPER_TIME_LIMIT_MINUTE) values (1862,'จาวาพื้นฐาน ครั้งที 4',to_date('18-MAR-16','DD-MON-RR'),22,null,1,null,null,null,'SYSTM',30);
Insert into TDCS.TDCS_EXAM_PAPERS (PAPER_ID,PAPER_NAME,PAPER_CREATE_DATE,PAPER_MAX_SCORE,PAPER_CREATE_BY,PAPER_STATUS,PAPER_FOR_POSITION,PAPER_UPDATE_DATE,PAPER_UPDATE_BY,PAPER_CODE,PAPER_TIME_LIMIT_MINUTE) values (1865,'จาวาพื้นฐาน ครั้งที 7',to_date('18-MAR-16','DD-MON-RR'),22,null,1,null,null,null,'SYSTM',30);
Insert into TDCS.TDCS_EXAM_PAPERS (PAPER_ID,PAPER_NAME,PAPER_CREATE_DATE,PAPER_MAX_SCORE,PAPER_CREATE_BY,PAPER_STATUS,PAPER_FOR_POSITION,PAPER_UPDATE_DATE,PAPER_UPDATE_BY,PAPER_CODE,PAPER_TIME_LIMIT_MINUTE) values (1866,'จาวาพื้นฐาน ครั้งที 8',to_date('18-MAR-16','DD-MON-RR'),22,null,1,null,null,null,'SYSTM',30);
Insert into TDCS.TDCS_EXAM_PAPERS (PAPER_ID,PAPER_NAME,PAPER_CREATE_DATE,PAPER_MAX_SCORE,PAPER_CREATE_BY,PAPER_STATUS,PAPER_FOR_POSITION,PAPER_UPDATE_DATE,PAPER_UPDATE_BY,PAPER_CODE,PAPER_TIME_LIMIT_MINUTE) values (1825,'ชุดข้อสอบ#2',to_date('29-OCT-29','DD-MON-RR'),10,582,4,1,null,null,'TEST2',45);
Insert into TDCS.TDCS_EXAM_PAPERS (PAPER_ID,PAPER_NAME,PAPER_CREATE_DATE,PAPER_MAX_SCORE,PAPER_CREATE_BY,PAPER_STATUS,PAPER_FOR_POSITION,PAPER_UPDATE_DATE,PAPER_UPDATE_BY,PAPER_CODE,PAPER_TIME_LIMIT_MINUTE) values (1824,'ชุดข้อสอบ#1 update',to_date('29-OCT-58','DD-MON-RR'),20,582,4,null,to_date('30-OCT-72','DD-MON-RR'),582,'TEST1',60);
Insert into TDCS.TDCS_EXAM_PAPERS (PAPER_ID,PAPER_NAME,PAPER_CREATE_DATE,PAPER_MAX_SCORE,PAPER_CREATE_BY,PAPER_STATUS,PAPER_FOR_POSITION,PAPER_UPDATE_DATE,PAPER_UPDATE_BY,PAPER_CODE,PAPER_TIME_LIMIT_MINUTE) values (1842,'ชุดข้อสอบสำหรับทดสอบ7',to_date('25-NOV-15','DD-MON-RR'),15,582,2,1,to_date('14-MAR-16','DD-MON-RR'),582,'PAP07',60);
Insert into TDCS.TDCS_EXAM_PAPERS (PAPER_ID,PAPER_NAME,PAPER_CREATE_DATE,PAPER_MAX_SCORE,PAPER_CREATE_BY,PAPER_STATUS,PAPER_FOR_POSITION,PAPER_UPDATE_DATE,PAPER_UPDATE_BY,PAPER_CODE,PAPER_TIME_LIMIT_MINUTE) values (1829,'ชุดข้อสอบ#2 vvvvv',to_date('10-NOV-15','DD-MON-RR'),10,582,4,1,null,null,'TESTA',45);
Insert into TDCS.TDCS_EXAM_PAPERS (PAPER_ID,PAPER_NAME,PAPER_CREATE_DATE,PAPER_MAX_SCORE,PAPER_CREATE_BY,PAPER_STATUS,PAPER_FOR_POSITION,PAPER_UPDATE_DATE,PAPER_UPDATE_BY,PAPER_CODE,PAPER_TIME_LIMIT_MINUTE) values (1837,'sdsdsd',to_date('12-NOV-15','DD-MON-RR'),15,582,4,2,to_date('12-NOV-15','DD-MON-RR'),582,'TTT',120);
Insert into TDCS.TDCS_EXAM_PAPERS (PAPER_ID,PAPER_NAME,PAPER_CREATE_DATE,PAPER_MAX_SCORE,PAPER_CREATE_BY,PAPER_STATUS,PAPER_FOR_POSITION,PAPER_UPDATE_DATE,PAPER_UPDATE_BY,PAPER_CODE,PAPER_TIME_LIMIT_MINUTE) values (1836,'ทดลองสร้างชุดข้อสอบ#1',to_date('12-NOV-15','DD-MON-RR'),15,582,1,null,to_date('12-NOV-15','DD-MON-RR'),582,'SUCC1',120);
Insert into TDCS.TDCS_EXAM_PAPERS (PAPER_ID,PAPER_NAME,PAPER_CREATE_DATE,PAPER_MAX_SCORE,PAPER_CREATE_BY,PAPER_STATUS,PAPER_FOR_POSITION,PAPER_UPDATE_DATE,PAPER_UPDATE_BY,PAPER_CODE,PAPER_TIME_LIMIT_MINUTE) values (1859,'จาวาพื้นฐาน ครั้งที 1',to_date('18-MAR-16','DD-MON-RR'),22,null,1,null,null,null,'SYSTM',30);
Insert into TDCS.TDCS_EXAM_PAPERS (PAPER_ID,PAPER_NAME,PAPER_CREATE_DATE,PAPER_MAX_SCORE,PAPER_CREATE_BY,PAPER_STATUS,PAPER_FOR_POSITION,PAPER_UPDATE_DATE,PAPER_UPDATE_BY,PAPER_CODE,PAPER_TIME_LIMIT_MINUTE) values (1844,'ชุดข้อสอบสำหรับทดสอบ1',to_date('14-MAR-16','DD-MON-RR'),30,582,2,null,to_date('14-MAR-16','DD-MON-RR'),582,'PAP01',120);
Insert into TDCS.TDCS_EXAM_PAPERS (PAPER_ID,PAPER_NAME,PAPER_CREATE_DATE,PAPER_MAX_SCORE,PAPER_CREATE_BY,PAPER_STATUS,PAPER_FOR_POSITION,PAPER_UPDATE_DATE,PAPER_UPDATE_BY,PAPER_CODE,PAPER_TIME_LIMIT_MINUTE) values (1846,'ชุดข้อสอบสำหรับทดสอบ3',to_date('14-MAR-16','DD-MON-RR'),20,582,2,2,to_date('15-MAR-16','DD-MON-RR'),582,'PAP03',30);
Insert into TDCS.TDCS_EXAM_PAPERS (PAPER_ID,PAPER_NAME,PAPER_CREATE_DATE,PAPER_MAX_SCORE,PAPER_CREATE_BY,PAPER_STATUS,PAPER_FOR_POSITION,PAPER_UPDATE_DATE,PAPER_UPDATE_BY,PAPER_CODE,PAPER_TIME_LIMIT_MINUTE) values (1848,'ชุดข้อสอบสำหรับทดสอบ5',to_date('14-MAR-16','DD-MON-RR'),25,582,2,1,null,null,'PAP05',45);
Insert into TDCS.TDCS_EXAM_PAPERS (PAPER_ID,PAPER_NAME,PAPER_CREATE_DATE,PAPER_MAX_SCORE,PAPER_CREATE_BY,PAPER_STATUS,PAPER_FOR_POSITION,PAPER_UPDATE_DATE,PAPER_UPDATE_BY,PAPER_CODE,PAPER_TIME_LIMIT_MINUTE) values (1850,'ชุดข้อสอบสำหรับทดสอบ8',to_date('14-MAR-16','DD-MON-RR'),25,582,2,1,null,null,'PAP08',60);
Insert into TDCS.TDCS_EXAM_PAPERS (PAPER_ID,PAPER_NAME,PAPER_CREATE_DATE,PAPER_MAX_SCORE,PAPER_CREATE_BY,PAPER_STATUS,PAPER_FOR_POSITION,PAPER_UPDATE_DATE,PAPER_UPDATE_BY,PAPER_CODE,PAPER_TIME_LIMIT_MINUTE) values (1852,'ชุดข้อสอบทำหรับทดสอบ10',to_date('16-MAR-16','DD-MON-RR'),20,582,1,null,null,null,'PAP10',60);
Insert into TDCS.TDCS_EXAM_PAPERS (PAPER_ID,PAPER_NAME,PAPER_CREATE_DATE,PAPER_MAX_SCORE,PAPER_CREATE_BY,PAPER_STATUS,PAPER_FOR_POSITION,PAPER_UPDATE_DATE,PAPER_UPDATE_BY,PAPER_CODE,PAPER_TIME_LIMIT_MINUTE) values (1861,'จาวาพื้นฐาน ครั้งที 3',to_date('18-MAR-16','DD-MON-RR'),22,null,1,null,null,null,'SYSTM',30);
Insert into TDCS.TDCS_EXAM_PAPERS (PAPER_ID,PAPER_NAME,PAPER_CREATE_DATE,PAPER_MAX_SCORE,PAPER_CREATE_BY,PAPER_STATUS,PAPER_FOR_POSITION,PAPER_UPDATE_DATE,PAPER_UPDATE_BY,PAPER_CODE,PAPER_TIME_LIMIT_MINUTE) values (1863,'จาวาพื้นฐาน ครั้งที 5',to_date('18-MAR-16','DD-MON-RR'),22,null,1,null,null,null,'SYSTM',30);
Insert into TDCS.TDCS_EXAM_PAPERS (PAPER_ID,PAPER_NAME,PAPER_CREATE_DATE,PAPER_MAX_SCORE,PAPER_CREATE_BY,PAPER_STATUS,PAPER_FOR_POSITION,PAPER_UPDATE_DATE,PAPER_UPDATE_BY,PAPER_CODE,PAPER_TIME_LIMIT_MINUTE) values (1845,'ชุดข้อสอบสำหรับทดสอบ2',to_date('14-MAR-16','DD-MON-RR'),25,582,2,1,to_date('14-MAR-16','DD-MON-RR'),582,'PAP02',120);
Insert into TDCS.TDCS_EXAM_PAPERS (PAPER_ID,PAPER_NAME,PAPER_CREATE_DATE,PAPER_MAX_SCORE,PAPER_CREATE_BY,PAPER_STATUS,PAPER_FOR_POSITION,PAPER_UPDATE_DATE,PAPER_UPDATE_BY,PAPER_CODE,PAPER_TIME_LIMIT_MINUTE) values (1864,'จาวาพื้นฐาน ครั้งที 6',to_date('18-MAR-16','DD-MON-RR'),22,null,1,null,null,null,'SYSTM',30);
Insert into TDCS.TDCS_EXAM_PAPERS (PAPER_ID,PAPER_NAME,PAPER_CREATE_DATE,PAPER_MAX_SCORE,PAPER_CREATE_BY,PAPER_STATUS,PAPER_FOR_POSITION,PAPER_UPDATE_DATE,PAPER_UPDATE_BY,PAPER_CODE,PAPER_TIME_LIMIT_MINUTE) values (1851,'ชุดข้อสอบสำหรับทดสอบ9',to_date('14-MAR-16','DD-MON-RR'),50,582,1,2,to_date('14-MAR-16','DD-MON-RR'),582,'PAP09',60);
Insert into TDCS.TDCS_EXAM_PAPERS (PAPER_ID,PAPER_NAME,PAPER_CREATE_DATE,PAPER_MAX_SCORE,PAPER_CREATE_BY,PAPER_STATUS,PAPER_FOR_POSITION,PAPER_UPDATE_DATE,PAPER_UPDATE_BY,PAPER_CODE,PAPER_TIME_LIMIT_MINUTE) values (1847,'ชุดข้อสอบสำหรับทดสอบ4',to_date('14-MAR-16','DD-MON-RR'),25,582,1,1,null,null,'PAP04',60);
Insert into TDCS.TDCS_EXAM_PAPERS (PAPER_ID,PAPER_NAME,PAPER_CREATE_DATE,PAPER_MAX_SCORE,PAPER_CREATE_BY,PAPER_STATUS,PAPER_FOR_POSITION,PAPER_UPDATE_DATE,PAPER_UPDATE_BY,PAPER_CODE,PAPER_TIME_LIMIT_MINUTE) values (1849,'ชุดข้อสอบสำหรับทดสอบ6',to_date('14-MAR-16','DD-MON-RR'),25,582,2,1,null,null,'PAP06',60);
REM INSERTING into TDCS.TDCS_EXAM_RECORDS
SET DEFINE OFF;
Insert into TDCS.TDCS_EXAM_RECORDS (RECORD_ID,USER_ID,PAPER_ID,EXAM_DATE,TIME_TAKEN_MINUTE,PRE_TEST_RECORD_ID,COUNT) values (1949,583,1825,to_date('30-OCT-15','DD-MON-RR'),0,null,null);
Insert into TDCS.TDCS_EXAM_RECORDS (RECORD_ID,USER_ID,PAPER_ID,EXAM_DATE,TIME_TAKEN_MINUTE,PRE_TEST_RECORD_ID,COUNT) values (1983,583,1824,to_date('30-OCT-15','DD-MON-RR'),4,1973,null);
Insert into TDCS.TDCS_EXAM_RECORDS (RECORD_ID,USER_ID,PAPER_ID,EXAM_DATE,TIME_TAKEN_MINUTE,PRE_TEST_RECORD_ID,COUNT) values (1973,583,1824,to_date('30-OCT-15','DD-MON-RR'),0,null,null);
Insert into TDCS.TDCS_EXAM_RECORDS (RECORD_ID,USER_ID,PAPER_ID,EXAM_DATE,TIME_TAKEN_MINUTE,PRE_TEST_RECORD_ID,COUNT) values (1984,583,1829,to_date('11-NOV-15','DD-MON-RR'),0,null,null);
Insert into TDCS.TDCS_EXAM_RECORDS (RECORD_ID,USER_ID,PAPER_ID,EXAM_DATE,TIME_TAKEN_MINUTE,PRE_TEST_RECORD_ID,COUNT) values (1985,539,1837,to_date('14-MAR-16','DD-MON-RR'),0,null,null);
REM INSERTING into TDCS.TDCS_EXAM_RESULTS
SET DEFINE OFF;
Insert into TDCS.TDCS_EXAM_RESULTS (RESULT_ID,MARKED_BY,COMMENTING,MARKED_DATE,EXAM_RECORD_ID,RESULT_STATUS,OBJECTIVE_SCORE,SUBJECTIVE_SCORE,VERSION) values (1954,524,'bbb',to_date('30-OCT-15','DD-MON-RR'),1949,7,7,1,0);
Insert into TDCS.TDCS_EXAM_RESULTS (RESULT_ID,MARKED_BY,COMMENTING,MARKED_DATE,EXAM_RECORD_ID,RESULT_STATUS,OBJECTIVE_SCORE,SUBJECTIVE_SCORE,VERSION) values (1980,537,'ดีมาก',to_date('02-NOV-15','DD-MON-RR'),1973,7,1,6,0);
Insert into TDCS.TDCS_EXAM_RESULTS (RESULT_ID,MARKED_BY,COMMENTING,MARKED_DATE,EXAM_RECORD_ID,RESULT_STATUS,OBJECTIVE_SCORE,SUBJECTIVE_SCORE,VERSION) values (1990,537,'ดีมาก',to_date('30-OCT-15','DD-MON-RR'),1983,7,0,7,0);
Insert into TDCS.TDCS_EXAM_RESULTS (RESULT_ID,MARKED_BY,COMMENTING,MARKED_DATE,EXAM_RECORD_ID,RESULT_STATUS,OBJECTIVE_SCORE,SUBJECTIVE_SCORE,VERSION) values (1991,582,null,to_date('14-MAR-16','DD-MON-RR'),1984,7,8,2,0);
Insert into TDCS.TDCS_EXAM_RESULTS (RESULT_ID,MARKED_BY,COMMENTING,MARKED_DATE,EXAM_RECORD_ID,RESULT_STATUS,OBJECTIVE_SCORE,SUBJECTIVE_SCORE,VERSION) values (1992,582,null,to_date('14-MAR-16','DD-MON-RR'),1985,7,0,6,null);
REM INSERTING into TDCS.TDCS_FACULTY
SET DEFINE OFF;
Insert into TDCS.TDCS_FACULTY (FAC_ID,FAC_NAME) values (2,'สถาปัตยกรรมศาสตร์');
Insert into TDCS.TDCS_FACULTY (FAC_ID,FAC_NAME) values (3,'วิทยาศาสตร์');
Insert into TDCS.TDCS_FACULTY (FAC_ID,FAC_NAME) values (4,'ศิลปศาสตร์และวิทยาศาสตร์');
Insert into TDCS.TDCS_FACULTY (FAC_ID,FAC_NAME) values (1,'วิศวกรรมศาสตร์');
Insert into TDCS.TDCS_FACULTY (FAC_ID,FAC_NAME) values (5,'เทคโนโลยีสารสนเทศ');
REM INSERTING into TDCS.TDCS_MAJOR
SET DEFINE OFF;
Insert into TDCS.TDCS_MAJOR (MAJ_ID,MAJ_NAME) values (2,'เทคโนโลยีสารสารเทศ');
Insert into TDCS.TDCS_MAJOR (MAJ_ID,MAJ_NAME) values (1,'วิศวกรรมคอมพิวเตอร์');
Insert into TDCS.TDCS_MAJOR (MAJ_ID,MAJ_NAME) values (3,'วิทยาการคอมพิวเตอร์');
Insert into TDCS.TDCS_MAJOR (MAJ_ID,MAJ_NAME) values (4,'วิศวกรรมซอฟต์แวร์');
REM INSERTING into TDCS.TDCS_PAPER_GENERATE_TEMPLATE
SET DEFINE OFF;
REM INSERTING into TDCS.TDCS_PAPER_QUESTION
SET DEFINE OFF;
Insert into TDCS.TDCS_PAPER_QUESTION (PAPER_ID,QUESTION_ID,SCORE) values (1867,564,2);
Insert into TDCS.TDCS_PAPER_QUESTION (PAPER_ID,QUESTION_ID,SCORE) values (1867,2007,1);
Insert into TDCS.TDCS_PAPER_QUESTION (PAPER_ID,QUESTION_ID,SCORE) values (1867,1849,2);
Insert into TDCS.TDCS_PAPER_QUESTION (PAPER_ID,QUESTION_ID,SCORE) values (1867,563,1);
Insert into TDCS.TDCS_PAPER_QUESTION (PAPER_ID,QUESTION_ID,SCORE) values (1867,1508,2);
Insert into TDCS.TDCS_PAPER_QUESTION (PAPER_ID,QUESTION_ID,SCORE) values (1867,1513,3);
Insert into TDCS.TDCS_PAPER_QUESTION (PAPER_ID,QUESTION_ID,SCORE) values (1867,1827,3);
Insert into TDCS.TDCS_PAPER_QUESTION (PAPER_ID,QUESTION_ID,SCORE) values (1867,561,5);
Insert into TDCS.TDCS_PAPER_QUESTION (PAPER_ID,QUESTION_ID,SCORE) values (1867,562,1);
Insert into TDCS.TDCS_PAPER_QUESTION (PAPER_ID,QUESTION_ID,SCORE) values (1867,2009,2);
Insert into TDCS.TDCS_PAPER_QUESTION (PAPER_ID,QUESTION_ID,SCORE) values (1843,562,1);
Insert into TDCS.TDCS_PAPER_QUESTION (PAPER_ID,QUESTION_ID,SCORE) values (1843,563,1);
Insert into TDCS.TDCS_PAPER_QUESTION (PAPER_ID,QUESTION_ID,SCORE) values (1843,1508,3);
Insert into TDCS.TDCS_PAPER_QUESTION (PAPER_ID,QUESTION_ID,SCORE) values (1843,1662,5);
Insert into TDCS.TDCS_PAPER_QUESTION (PAPER_ID,QUESTION_ID,SCORE) values (1843,1827,3);
Insert into TDCS.TDCS_PAPER_QUESTION (PAPER_ID,QUESTION_ID,SCORE) values (1843,1838,7);
Insert into TDCS.TDCS_PAPER_QUESTION (PAPER_ID,QUESTION_ID,SCORE) values (1843,1860,2);
Insert into TDCS.TDCS_PAPER_QUESTION (PAPER_ID,QUESTION_ID,SCORE) values (1843,1970,1);
Insert into TDCS.TDCS_PAPER_QUESTION (PAPER_ID,QUESTION_ID,SCORE) values (1843,2007,2);
Insert into TDCS.TDCS_PAPER_QUESTION (PAPER_ID,QUESTION_ID,SCORE) values (1858,1513,3);
Insert into TDCS.TDCS_PAPER_QUESTION (PAPER_ID,QUESTION_ID,SCORE) values (1858,561,5);
Insert into TDCS.TDCS_PAPER_QUESTION (PAPER_ID,QUESTION_ID,SCORE) values (1858,1832,2);
Insert into TDCS.TDCS_PAPER_QUESTION (PAPER_ID,QUESTION_ID,SCORE) values (1858,2007,1);
Insert into TDCS.TDCS_PAPER_QUESTION (PAPER_ID,QUESTION_ID,SCORE) values (1858,1508,2);
Insert into TDCS.TDCS_PAPER_QUESTION (PAPER_ID,QUESTION_ID,SCORE) values (1858,1849,2);
Insert into TDCS.TDCS_PAPER_QUESTION (PAPER_ID,QUESTION_ID,SCORE) values (1858,562,1);
Insert into TDCS.TDCS_PAPER_QUESTION (PAPER_ID,QUESTION_ID,SCORE) values (1858,2008,2);
Insert into TDCS.TDCS_PAPER_QUESTION (PAPER_ID,QUESTION_ID,SCORE) values (1858,1827,3);
Insert into TDCS.TDCS_PAPER_QUESTION (PAPER_ID,QUESTION_ID,SCORE) values (1858,2009,2);
Insert into TDCS.TDCS_PAPER_QUESTION (PAPER_ID,QUESTION_ID,SCORE) values (1860,1849,2);
Insert into TDCS.TDCS_PAPER_QUESTION (PAPER_ID,QUESTION_ID,SCORE) values (1860,1508,2);
Insert into TDCS.TDCS_PAPER_QUESTION (PAPER_ID,QUESTION_ID,SCORE) values (1860,1513,3);
Insert into TDCS.TDCS_PAPER_QUESTION (PAPER_ID,QUESTION_ID,SCORE) values (1860,2008,2);
Insert into TDCS.TDCS_PAPER_QUESTION (PAPER_ID,QUESTION_ID,SCORE) values (1860,564,2);
Insert into TDCS.TDCS_PAPER_QUESTION (PAPER_ID,QUESTION_ID,SCORE) values (1860,2007,1);
Insert into TDCS.TDCS_PAPER_QUESTION (PAPER_ID,QUESTION_ID,SCORE) values (1860,2009,2);
Insert into TDCS.TDCS_PAPER_QUESTION (PAPER_ID,QUESTION_ID,SCORE) values (1860,561,5);
Insert into TDCS.TDCS_PAPER_QUESTION (PAPER_ID,QUESTION_ID,SCORE) values (1860,562,1);
Insert into TDCS.TDCS_PAPER_QUESTION (PAPER_ID,QUESTION_ID,SCORE) values (1860,1827,3);
Insert into TDCS.TDCS_PAPER_QUESTION (PAPER_ID,QUESTION_ID,SCORE) values (1862,1849,2);
Insert into TDCS.TDCS_PAPER_QUESTION (PAPER_ID,QUESTION_ID,SCORE) values (1862,1513,3);
Insert into TDCS.TDCS_PAPER_QUESTION (PAPER_ID,QUESTION_ID,SCORE) values (1862,2008,2);
Insert into TDCS.TDCS_PAPER_QUESTION (PAPER_ID,QUESTION_ID,SCORE) values (1862,2009,2);
Insert into TDCS.TDCS_PAPER_QUESTION (PAPER_ID,QUESTION_ID,SCORE) values (1862,563,1);
Insert into TDCS.TDCS_PAPER_QUESTION (PAPER_ID,QUESTION_ID,SCORE) values (1862,564,2);
Insert into TDCS.TDCS_PAPER_QUESTION (PAPER_ID,QUESTION_ID,SCORE) values (1862,562,1);
Insert into TDCS.TDCS_PAPER_QUESTION (PAPER_ID,QUESTION_ID,SCORE) values (1862,561,5);
Insert into TDCS.TDCS_PAPER_QUESTION (PAPER_ID,QUESTION_ID,SCORE) values (1862,1832,2);
Insert into TDCS.TDCS_PAPER_QUESTION (PAPER_ID,QUESTION_ID,SCORE) values (1862,1827,3);
Insert into TDCS.TDCS_PAPER_QUESTION (PAPER_ID,QUESTION_ID,SCORE) values (1865,2007,1);
Insert into TDCS.TDCS_PAPER_QUESTION (PAPER_ID,QUESTION_ID,SCORE) values (1865,2009,2);
Insert into TDCS.TDCS_PAPER_QUESTION (PAPER_ID,QUESTION_ID,SCORE) values (1865,1513,3);
Insert into TDCS.TDCS_PAPER_QUESTION (PAPER_ID,QUESTION_ID,SCORE) values (1865,564,2);
Insert into TDCS.TDCS_PAPER_QUESTION (PAPER_ID,QUESTION_ID,SCORE) values (1865,563,1);
Insert into TDCS.TDCS_PAPER_QUESTION (PAPER_ID,QUESTION_ID,SCORE) values (1865,562,1);
Insert into TDCS.TDCS_PAPER_QUESTION (PAPER_ID,QUESTION_ID,SCORE) values (1865,1832,2);
Insert into TDCS.TDCS_PAPER_QUESTION (PAPER_ID,QUESTION_ID,SCORE) values (1865,1849,2);
Insert into TDCS.TDCS_PAPER_QUESTION (PAPER_ID,QUESTION_ID,SCORE) values (1865,1827,3);
Insert into TDCS.TDCS_PAPER_QUESTION (PAPER_ID,QUESTION_ID,SCORE) values (1865,561,5);
Insert into TDCS.TDCS_PAPER_QUESTION (PAPER_ID,QUESTION_ID,SCORE) values (1866,1849,2);
Insert into TDCS.TDCS_PAPER_QUESTION (PAPER_ID,QUESTION_ID,SCORE) values (1866,2008,2);
Insert into TDCS.TDCS_PAPER_QUESTION (PAPER_ID,QUESTION_ID,SCORE) values (1866,1508,2);
Insert into TDCS.TDCS_PAPER_QUESTION (PAPER_ID,QUESTION_ID,SCORE) values (1866,561,5);
Insert into TDCS.TDCS_PAPER_QUESTION (PAPER_ID,QUESTION_ID,SCORE) values (1866,1513,3);
Insert into TDCS.TDCS_PAPER_QUESTION (PAPER_ID,QUESTION_ID,SCORE) values (1866,563,1);
Insert into TDCS.TDCS_PAPER_QUESTION (PAPER_ID,QUESTION_ID,SCORE) values (1866,562,1);
Insert into TDCS.TDCS_PAPER_QUESTION (PAPER_ID,QUESTION_ID,SCORE) values (1866,2009,2);
Insert into TDCS.TDCS_PAPER_QUESTION (PAPER_ID,QUESTION_ID,SCORE) values (1866,2007,1);
Insert into TDCS.TDCS_PAPER_QUESTION (PAPER_ID,QUESTION_ID,SCORE) values (1866,1832,2);
Insert into TDCS.TDCS_PAPER_QUESTION (PAPER_ID,QUESTION_ID,SCORE) values (1825,1508,2);
Insert into TDCS.TDCS_PAPER_QUESTION (PAPER_ID,QUESTION_ID,SCORE) values (1825,562,1);
Insert into TDCS.TDCS_PAPER_QUESTION (PAPER_ID,QUESTION_ID,SCORE) values (1824,561,5);
Insert into TDCS.TDCS_PAPER_QUESTION (PAPER_ID,QUESTION_ID,SCORE) values (1824,562,1);
Insert into TDCS.TDCS_PAPER_QUESTION (PAPER_ID,QUESTION_ID,SCORE) values (1825,561,5);
Insert into TDCS.TDCS_PAPER_QUESTION (PAPER_ID,QUESTION_ID,SCORE) values (1825,566,2);
Insert into TDCS.TDCS_PAPER_QUESTION (PAPER_ID,QUESTION_ID,SCORE) values (1837,563,1);
Insert into TDCS.TDCS_PAPER_QUESTION (PAPER_ID,QUESTION_ID,SCORE) values (1824,566,2);
Insert into TDCS.TDCS_PAPER_QUESTION (PAPER_ID,QUESTION_ID,SCORE) values (1824,1508,2);
Insert into TDCS.TDCS_PAPER_QUESTION (PAPER_ID,QUESTION_ID,SCORE) values (1824,1662,5);
Insert into TDCS.TDCS_PAPER_QUESTION (PAPER_ID,QUESTION_ID,SCORE) values (1824,1819,5);
Insert into TDCS.TDCS_PAPER_QUESTION (PAPER_ID,QUESTION_ID,SCORE) values (1837,1508,3);
Insert into TDCS.TDCS_PAPER_QUESTION (PAPER_ID,QUESTION_ID,SCORE) values (1837,1662,5);
Insert into TDCS.TDCS_PAPER_QUESTION (PAPER_ID,QUESTION_ID,SCORE) values (1837,1827,3);
Insert into TDCS.TDCS_PAPER_QUESTION (PAPER_ID,QUESTION_ID,SCORE) values (1837,1860,2);
Insert into TDCS.TDCS_PAPER_QUESTION (PAPER_ID,QUESTION_ID,SCORE) values (1837,1970,1);
Insert into TDCS.TDCS_PAPER_QUESTION (PAPER_ID,QUESTION_ID,SCORE) values (1829,561,5);
Insert into TDCS.TDCS_PAPER_QUESTION (PAPER_ID,QUESTION_ID,SCORE) values (1829,562,1);
Insert into TDCS.TDCS_PAPER_QUESTION (PAPER_ID,QUESTION_ID,SCORE) values (1829,566,2);
Insert into TDCS.TDCS_PAPER_QUESTION (PAPER_ID,QUESTION_ID,SCORE) values (1829,1508,2);
Insert into TDCS.TDCS_PAPER_QUESTION (PAPER_ID,QUESTION_ID,SCORE) values (1846,562,1);
Insert into TDCS.TDCS_PAPER_QUESTION (PAPER_ID,QUESTION_ID,SCORE) values (1846,563,1);
Insert into TDCS.TDCS_PAPER_QUESTION (PAPER_ID,QUESTION_ID,SCORE) values (1846,1662,4);
Insert into TDCS.TDCS_PAPER_QUESTION (PAPER_ID,QUESTION_ID,SCORE) values (1846,1819,5);
Insert into TDCS.TDCS_PAPER_QUESTION (PAPER_ID,QUESTION_ID,SCORE) values (1846,1832,2);
Insert into TDCS.TDCS_PAPER_QUESTION (PAPER_ID,QUESTION_ID,SCORE) values (1846,1848,2);
Insert into TDCS.TDCS_PAPER_QUESTION (PAPER_ID,QUESTION_ID,SCORE) values (1836,562,1);
Insert into TDCS.TDCS_PAPER_QUESTION (PAPER_ID,QUESTION_ID,SCORE) values (1836,563,1);
Insert into TDCS.TDCS_PAPER_QUESTION (PAPER_ID,QUESTION_ID,SCORE) values (1836,1662,4);
Insert into TDCS.TDCS_PAPER_QUESTION (PAPER_ID,QUESTION_ID,SCORE) values (1836,1819,5);
Insert into TDCS.TDCS_PAPER_QUESTION (PAPER_ID,QUESTION_ID,SCORE) values (1836,1832,1);
Insert into TDCS.TDCS_PAPER_QUESTION (PAPER_ID,QUESTION_ID,SCORE) values (1836,1848,2);
Insert into TDCS.TDCS_PAPER_QUESTION (PAPER_ID,QUESTION_ID,SCORE) values (1836,1970,1);
Insert into TDCS.TDCS_PAPER_QUESTION (PAPER_ID,QUESTION_ID,SCORE) values (1859,564,2);
Insert into TDCS.TDCS_PAPER_QUESTION (PAPER_ID,QUESTION_ID,SCORE) values (1859,561,5);
Insert into TDCS.TDCS_PAPER_QUESTION (PAPER_ID,QUESTION_ID,SCORE) values (1859,1849,2);
Insert into TDCS.TDCS_PAPER_QUESTION (PAPER_ID,QUESTION_ID,SCORE) values (1859,562,1);
Insert into TDCS.TDCS_PAPER_QUESTION (PAPER_ID,QUESTION_ID,SCORE) values (1859,2008,2);
Insert into TDCS.TDCS_PAPER_QUESTION (PAPER_ID,QUESTION_ID,SCORE) values (1859,563,1);
Insert into TDCS.TDCS_PAPER_QUESTION (PAPER_ID,QUESTION_ID,SCORE) values (1859,1827,3);
Insert into TDCS.TDCS_PAPER_QUESTION (PAPER_ID,QUESTION_ID,SCORE) values (1859,1513,3);
Insert into TDCS.TDCS_PAPER_QUESTION (PAPER_ID,QUESTION_ID,SCORE) values (1859,1832,2);
Insert into TDCS.TDCS_PAPER_QUESTION (PAPER_ID,QUESTION_ID,SCORE) values (1859,2007,1);
Insert into TDCS.TDCS_PAPER_QUESTION (PAPER_ID,QUESTION_ID,SCORE) values (1861,1849,2);
Insert into TDCS.TDCS_PAPER_QUESTION (PAPER_ID,QUESTION_ID,SCORE) values (1861,2009,2);
Insert into TDCS.TDCS_PAPER_QUESTION (PAPER_ID,QUESTION_ID,SCORE) values (1861,561,5);
Insert into TDCS.TDCS_PAPER_QUESTION (PAPER_ID,QUESTION_ID,SCORE) values (1861,2008,2);
Insert into TDCS.TDCS_PAPER_QUESTION (PAPER_ID,QUESTION_ID,SCORE) values (1861,564,2);
Insert into TDCS.TDCS_PAPER_QUESTION (PAPER_ID,QUESTION_ID,SCORE) values (1861,563,1);
Insert into TDCS.TDCS_PAPER_QUESTION (PAPER_ID,QUESTION_ID,SCORE) values (1848,562,1);
Insert into TDCS.TDCS_PAPER_QUESTION (PAPER_ID,QUESTION_ID,SCORE) values (1848,563,1);
Insert into TDCS.TDCS_PAPER_QUESTION (PAPER_ID,QUESTION_ID,SCORE) values (1845,562,1);
Insert into TDCS.TDCS_PAPER_QUESTION (PAPER_ID,QUESTION_ID,SCORE) values (1845,563,1);
Insert into TDCS.TDCS_PAPER_QUESTION (PAPER_ID,QUESTION_ID,SCORE) values (1845,1508,2);
Insert into TDCS.TDCS_PAPER_QUESTION (PAPER_ID,QUESTION_ID,SCORE) values (1845,1662,5);
Insert into TDCS.TDCS_PAPER_QUESTION (PAPER_ID,QUESTION_ID,SCORE) values (1845,1827,3);
Insert into TDCS.TDCS_PAPER_QUESTION (PAPER_ID,QUESTION_ID,SCORE) values (1845,1838,3);
Insert into TDCS.TDCS_PAPER_QUESTION (PAPER_ID,QUESTION_ID,SCORE) values (1845,1860,2);
Insert into TDCS.TDCS_PAPER_QUESTION (PAPER_ID,QUESTION_ID,SCORE) values (1845,1970,5);
Insert into TDCS.TDCS_PAPER_QUESTION (PAPER_ID,QUESTION_ID,SCORE) values (1845,2007,1);
Insert into TDCS.TDCS_PAPER_QUESTION (PAPER_ID,QUESTION_ID,SCORE) values (1850,562,1);
Insert into TDCS.TDCS_PAPER_QUESTION (PAPER_ID,QUESTION_ID,SCORE) values (1850,563,1);
Insert into TDCS.TDCS_PAPER_QUESTION (PAPER_ID,QUESTION_ID,SCORE) values (1850,1508,2);
Insert into TDCS.TDCS_PAPER_QUESTION (PAPER_ID,QUESTION_ID,SCORE) values (1850,1662,5);
Insert into TDCS.TDCS_PAPER_QUESTION (PAPER_ID,QUESTION_ID,SCORE) values (1850,1827,3);
Insert into TDCS.TDCS_PAPER_QUESTION (PAPER_ID,QUESTION_ID,SCORE) values (1850,1838,3);
Insert into TDCS.TDCS_PAPER_QUESTION (PAPER_ID,QUESTION_ID,SCORE) values (1850,1860,2);
Insert into TDCS.TDCS_PAPER_QUESTION (PAPER_ID,QUESTION_ID,SCORE) values (1848,1508,2);
Insert into TDCS.TDCS_PAPER_QUESTION (PAPER_ID,QUESTION_ID,SCORE) values (1848,1662,5);
Insert into TDCS.TDCS_PAPER_QUESTION (PAPER_ID,QUESTION_ID,SCORE) values (1848,1827,3);
Insert into TDCS.TDCS_PAPER_QUESTION (PAPER_ID,QUESTION_ID,SCORE) values (1848,1838,3);
Insert into TDCS.TDCS_PAPER_QUESTION (PAPER_ID,QUESTION_ID,SCORE) values (1848,1860,2);
Insert into TDCS.TDCS_PAPER_QUESTION (PAPER_ID,QUESTION_ID,SCORE) values (1848,1970,5);
Insert into TDCS.TDCS_PAPER_QUESTION (PAPER_ID,QUESTION_ID,SCORE) values (1848,2007,3);
Insert into TDCS.TDCS_PAPER_QUESTION (PAPER_ID,QUESTION_ID,SCORE) values (1850,1970,5);
Insert into TDCS.TDCS_PAPER_QUESTION (PAPER_ID,QUESTION_ID,SCORE) values (1850,2007,3);
Insert into TDCS.TDCS_PAPER_QUESTION (PAPER_ID,QUESTION_ID,SCORE) values (1846,1970,5);
Insert into TDCS.TDCS_PAPER_QUESTION (PAPER_ID,QUESTION_ID,SCORE) values (1852,1838,3);
Insert into TDCS.TDCS_PAPER_QUESTION (PAPER_ID,QUESTION_ID,SCORE) values (1852,1848,4);
Insert into TDCS.TDCS_PAPER_QUESTION (PAPER_ID,QUESTION_ID,SCORE) values (1852,563,2);
Insert into TDCS.TDCS_PAPER_QUESTION (PAPER_ID,QUESTION_ID,SCORE) values (1852,562,3);
Insert into TDCS.TDCS_PAPER_QUESTION (PAPER_ID,QUESTION_ID,SCORE) values (1852,1843,2);
Insert into TDCS.TDCS_PAPER_QUESTION (PAPER_ID,QUESTION_ID,SCORE) values (1852,1855,4);
Insert into TDCS.TDCS_PAPER_QUESTION (PAPER_ID,QUESTION_ID,SCORE) values (1852,566,2);
Insert into TDCS.TDCS_PAPER_QUESTION (PAPER_ID,QUESTION_ID,SCORE) values (1861,1832,2);
Insert into TDCS.TDCS_PAPER_QUESTION (PAPER_ID,QUESTION_ID,SCORE) values (1861,1513,3);
Insert into TDCS.TDCS_PAPER_QUESTION (PAPER_ID,QUESTION_ID,SCORE) values (1861,2007,1);
Insert into TDCS.TDCS_PAPER_QUESTION (PAPER_ID,QUESTION_ID,SCORE) values (1861,1827,3);
Insert into TDCS.TDCS_PAPER_QUESTION (PAPER_ID,QUESTION_ID,SCORE) values (1863,2007,1);
Insert into TDCS.TDCS_PAPER_QUESTION (PAPER_ID,QUESTION_ID,SCORE) values (1863,562,1);
Insert into TDCS.TDCS_PAPER_QUESTION (PAPER_ID,QUESTION_ID,SCORE) values (1863,563,1);
Insert into TDCS.TDCS_PAPER_QUESTION (PAPER_ID,QUESTION_ID,SCORE) values (1863,2008,2);
Insert into TDCS.TDCS_PAPER_QUESTION (PAPER_ID,QUESTION_ID,SCORE) values (1863,1508,2);
Insert into TDCS.TDCS_PAPER_QUESTION (PAPER_ID,QUESTION_ID,SCORE) values (1863,1849,2);
Insert into TDCS.TDCS_PAPER_QUESTION (PAPER_ID,QUESTION_ID,SCORE) values (1863,2009,2);
Insert into TDCS.TDCS_PAPER_QUESTION (PAPER_ID,QUESTION_ID,SCORE) values (1863,1832,2);
Insert into TDCS.TDCS_PAPER_QUESTION (PAPER_ID,QUESTION_ID,SCORE) values (1863,1827,3);
Insert into TDCS.TDCS_PAPER_QUESTION (PAPER_ID,QUESTION_ID,SCORE) values (1863,564,2);
Insert into TDCS.TDCS_PAPER_QUESTION (PAPER_ID,QUESTION_ID,SCORE) values (1864,1827,3);
Insert into TDCS.TDCS_PAPER_QUESTION (PAPER_ID,QUESTION_ID,SCORE) values (1864,1513,3);
Insert into TDCS.TDCS_PAPER_QUESTION (PAPER_ID,QUESTION_ID,SCORE) values (1864,564,2);
Insert into TDCS.TDCS_PAPER_QUESTION (PAPER_ID,QUESTION_ID,SCORE) values (1864,563,1);
Insert into TDCS.TDCS_PAPER_QUESTION (PAPER_ID,QUESTION_ID,SCORE) values (1864,562,1);
Insert into TDCS.TDCS_PAPER_QUESTION (PAPER_ID,QUESTION_ID,SCORE) values (1864,1508,2);
Insert into TDCS.TDCS_PAPER_QUESTION (PAPER_ID,QUESTION_ID,SCORE) values (1864,561,5);
Insert into TDCS.TDCS_PAPER_QUESTION (PAPER_ID,QUESTION_ID,SCORE) values (1864,2007,1);
Insert into TDCS.TDCS_PAPER_QUESTION (PAPER_ID,QUESTION_ID,SCORE) values (1864,2008,2);
Insert into TDCS.TDCS_PAPER_QUESTION (PAPER_ID,QUESTION_ID,SCORE) values (1864,1849,2);
Insert into TDCS.TDCS_PAPER_QUESTION (PAPER_ID,QUESTION_ID,SCORE) values (1844,562,1);
Insert into TDCS.TDCS_PAPER_QUESTION (PAPER_ID,QUESTION_ID,SCORE) values (1844,563,1);
Insert into TDCS.TDCS_PAPER_QUESTION (PAPER_ID,QUESTION_ID,SCORE) values (1844,1508,2);
Insert into TDCS.TDCS_PAPER_QUESTION (PAPER_ID,QUESTION_ID,SCORE) values (1844,1662,5);
Insert into TDCS.TDCS_PAPER_QUESTION (PAPER_ID,QUESTION_ID,SCORE) values (1844,1827,3);
Insert into TDCS.TDCS_PAPER_QUESTION (PAPER_ID,QUESTION_ID,SCORE) values (1844,1838,3);
Insert into TDCS.TDCS_PAPER_QUESTION (PAPER_ID,QUESTION_ID,SCORE) values (1844,1860,2);
Insert into TDCS.TDCS_PAPER_QUESTION (PAPER_ID,QUESTION_ID,SCORE) values (1844,1970,5);
Insert into TDCS.TDCS_PAPER_QUESTION (PAPER_ID,QUESTION_ID,SCORE) values (1844,2007,8);
Insert into TDCS.TDCS_PAPER_QUESTION (PAPER_ID,QUESTION_ID,SCORE) values (1842,563,1);
Insert into TDCS.TDCS_PAPER_QUESTION (PAPER_ID,QUESTION_ID,SCORE) values (1842,1508,2);
Insert into TDCS.TDCS_PAPER_QUESTION (PAPER_ID,QUESTION_ID,SCORE) values (1842,1662,5);
Insert into TDCS.TDCS_PAPER_QUESTION (PAPER_ID,QUESTION_ID,SCORE) values (1842,1827,3);
Insert into TDCS.TDCS_PAPER_QUESTION (PAPER_ID,QUESTION_ID,SCORE) values (1842,1860,2);
Insert into TDCS.TDCS_PAPER_QUESTION (PAPER_ID,QUESTION_ID,SCORE) values (1842,1970,5);
Insert into TDCS.TDCS_PAPER_QUESTION (PAPER_ID,QUESTION_ID,SCORE) values (1847,562,1);
Insert into TDCS.TDCS_PAPER_QUESTION (PAPER_ID,QUESTION_ID,SCORE) values (1847,563,1);
Insert into TDCS.TDCS_PAPER_QUESTION (PAPER_ID,QUESTION_ID,SCORE) values (1847,1508,2);
Insert into TDCS.TDCS_PAPER_QUESTION (PAPER_ID,QUESTION_ID,SCORE) values (1847,1662,5);
Insert into TDCS.TDCS_PAPER_QUESTION (PAPER_ID,QUESTION_ID,SCORE) values (1847,1827,3);
Insert into TDCS.TDCS_PAPER_QUESTION (PAPER_ID,QUESTION_ID,SCORE) values (1847,1838,3);
Insert into TDCS.TDCS_PAPER_QUESTION (PAPER_ID,QUESTION_ID,SCORE) values (1847,1860,2);
Insert into TDCS.TDCS_PAPER_QUESTION (PAPER_ID,QUESTION_ID,SCORE) values (1847,1970,5);
Insert into TDCS.TDCS_PAPER_QUESTION (PAPER_ID,QUESTION_ID,SCORE) values (1847,2007,3);
Insert into TDCS.TDCS_PAPER_QUESTION (PAPER_ID,QUESTION_ID,SCORE) values (1849,562,1);
Insert into TDCS.TDCS_PAPER_QUESTION (PAPER_ID,QUESTION_ID,SCORE) values (1849,563,1);
Insert into TDCS.TDCS_PAPER_QUESTION (PAPER_ID,QUESTION_ID,SCORE) values (1849,1508,2);
Insert into TDCS.TDCS_PAPER_QUESTION (PAPER_ID,QUESTION_ID,SCORE) values (1849,1662,5);
Insert into TDCS.TDCS_PAPER_QUESTION (PAPER_ID,QUESTION_ID,SCORE) values (1849,1827,3);
Insert into TDCS.TDCS_PAPER_QUESTION (PAPER_ID,QUESTION_ID,SCORE) values (1849,1838,3);
Insert into TDCS.TDCS_PAPER_QUESTION (PAPER_ID,QUESTION_ID,SCORE) values (1849,1860,2);
Insert into TDCS.TDCS_PAPER_QUESTION (PAPER_ID,QUESTION_ID,SCORE) values (1849,1970,5);
Insert into TDCS.TDCS_PAPER_QUESTION (PAPER_ID,QUESTION_ID,SCORE) values (1849,2007,3);
Insert into TDCS.TDCS_PAPER_QUESTION (PAPER_ID,QUESTION_ID,SCORE) values (1851,562,1);
Insert into TDCS.TDCS_PAPER_QUESTION (PAPER_ID,QUESTION_ID,SCORE) values (1851,563,2);
Insert into TDCS.TDCS_PAPER_QUESTION (PAPER_ID,QUESTION_ID,SCORE) values (1851,1508,6);
Insert into TDCS.TDCS_PAPER_QUESTION (PAPER_ID,QUESTION_ID,SCORE) values (1851,1662,5);
Insert into TDCS.TDCS_PAPER_QUESTION (PAPER_ID,QUESTION_ID,SCORE) values (1851,1827,3);
Insert into TDCS.TDCS_PAPER_QUESTION (PAPER_ID,QUESTION_ID,SCORE) values (1851,1838,3);
Insert into TDCS.TDCS_PAPER_QUESTION (PAPER_ID,QUESTION_ID,SCORE) values (1851,1860,2);
Insert into TDCS.TDCS_PAPER_QUESTION (PAPER_ID,QUESTION_ID,SCORE) values (1851,1970,5);
Insert into TDCS.TDCS_PAPER_QUESTION (PAPER_ID,QUESTION_ID,SCORE) values (1851,2007,1);
Insert into TDCS.TDCS_PAPER_QUESTION (PAPER_ID,QUESTION_ID,SCORE) values (1851,1855,2);
Insert into TDCS.TDCS_PAPER_QUESTION (PAPER_ID,QUESTION_ID,SCORE) values (1851,1843,2);
Insert into TDCS.TDCS_PAPER_QUESTION (PAPER_ID,QUESTION_ID,SCORE) values (1851,1849,2);
Insert into TDCS.TDCS_PAPER_QUESTION (PAPER_ID,QUESTION_ID,SCORE) values (1851,1819,5);
Insert into TDCS.TDCS_PAPER_QUESTION (PAPER_ID,QUESTION_ID,SCORE) values (1851,561,5);
Insert into TDCS.TDCS_PAPER_QUESTION (PAPER_ID,QUESTION_ID,SCORE) values (1851,566,2);
Insert into TDCS.TDCS_PAPER_QUESTION (PAPER_ID,QUESTION_ID,SCORE) values (1851,1832,2);
Insert into TDCS.TDCS_PAPER_QUESTION (PAPER_ID,QUESTION_ID,SCORE) values (1851,1848,2);
REM INSERTING into TDCS.TDCS_POSITION
SET DEFINE OFF;
Insert into TDCS.TDCS_POSITION (POSI_ID,POSI_FOR,POSI_NAME) values (3,'e','Project Manager');
Insert into TDCS.TDCS_POSITION (POSI_ID,POSI_FOR,POSI_NAME) values (4,'e','Software Developer');
Insert into TDCS.TDCS_POSITION (POSI_ID,POSI_FOR,POSI_NAME) values (2,'s','Assistant Business Analyst');
Insert into TDCS.TDCS_POSITION (POSI_ID,POSI_FOR,POSI_NAME) values (1,'s','Software Developer Trainee');
Insert into TDCS.TDCS_POSITION (POSI_ID,POSI_FOR,POSI_NAME) values (5,'e','Business Analysis');
REM INSERTING into TDCS.TDCS_QUESTION_TYPE
SET DEFINE OFF;
Insert into TDCS.TDCS_QUESTION_TYPE (QUESTION_TYPE_ID,QUESTION_TYPE_DESCRIPTION) values (1,'ปรนัย');
Insert into TDCS.TDCS_QUESTION_TYPE (QUESTION_TYPE_ID,QUESTION_TYPE_DESCRIPTION) values (2,'อัตนัย');
REM INSERTING into TDCS.TDCS_QUESTIONS
SET DEFINE OFF;
Insert into TDCS.TDCS_QUESTIONS (QUESTION_ID,QUESTION_DESCRIPTION,QUESTION_SCORE,QUESTION_CREATE_DATE,SUB_CATEGORY_ID,QUESTION_CREATE_BY,DIFFICULTY_LEVEL,QUESTION_TYPE_ID,QUESTION_STATUS,QUESTION_UPDATE_DATE,QUESTION_UPDATE_BY) values (1481,'aaaaabcc',2,to_date('21-OCT-15','DD-MON-RR'),1006,524,3,2,4,to_date('21-OCT-58','DD-MON-RR'),524);
Insert into TDCS.TDCS_QUESTIONS (QUESTION_ID,QUESTION_DESCRIPTION,QUESTION_SCORE,QUESTION_CREATE_DATE,SUB_CATEGORY_ID,QUESTION_CREATE_BY,DIFFICULTY_LEVEL,QUESTION_TYPE_ID,QUESTION_STATUS,QUESTION_UPDATE_DATE,QUESTION_UPDATE_BY) values (1855,'ผู้คนที่อาศัยในเขตราบลุ่มแม่น้ำมักประกอบอาชีพใด',2,to_date('29-OCT-15','DD-MON-RR'),1854,537,1,1,3,null,null);
Insert into TDCS.TDCS_QUESTIONS (QUESTION_ID,QUESTION_DESCRIPTION,QUESTION_SCORE,QUESTION_CREATE_DATE,SUB_CATEGORY_ID,QUESTION_CREATE_BY,DIFFICULTY_LEVEL,QUESTION_TYPE_ID,QUESTION_STATUS,QUESTION_UPDATE_DATE,QUESTION_UPDATE_BY) values (1838,'ข้อใดกล่าวถึงความหมายของคำว่าธุรกิจได้ถูกต้องที่สุด',3,to_date('29-OCT-15','DD-MON-RR'),1837,537,2,1,3,null,null);
Insert into TDCS.TDCS_QUESTIONS (QUESTION_ID,QUESTION_DESCRIPTION,QUESTION_SCORE,QUESTION_CREATE_DATE,SUB_CATEGORY_ID,QUESTION_CREATE_BY,DIFFICULTY_LEVEL,QUESTION_TYPE_ID,QUESTION_STATUS,QUESTION_UPDATE_DATE,QUESTION_UPDATE_BY) values (1843,'ข้อใดไม่ใช่กิจกรรมทางธุรกิจ',2,to_date('29-OCT-15','DD-MON-RR'),984,537,1,1,3,null,null);
Insert into TDCS.TDCS_QUESTIONS (QUESTION_ID,QUESTION_DESCRIPTION,QUESTION_SCORE,QUESTION_CREATE_DATE,SUB_CATEGORY_ID,QUESTION_CREATE_BY,DIFFICULTY_LEVEL,QUESTION_TYPE_ID,QUESTION_STATUS,QUESTION_UPDATE_DATE,QUESTION_UPDATE_BY) values (1849,'String ทำหน้าที่อะไร',2,to_date('29-OCT-15','DD-MON-RR'),982,582,1,1,3,null,null);
Insert into TDCS.TDCS_QUESTIONS (QUESTION_ID,QUESTION_DESCRIPTION,QUESTION_SCORE,QUESTION_CREATE_DATE,SUB_CATEGORY_ID,QUESTION_CREATE_BY,DIFFICULTY_LEVEL,QUESTION_TYPE_ID,QUESTION_STATUS,QUESTION_UPDATE_DATE,QUESTION_UPDATE_BY) values (1860,'ข้อใดไม่ใช่ปัจจัยทางภูมิศาสตร์',2,to_date('29-OCT-15','DD-MON-RR'),1854,537,2,1,3,null,null);
Insert into TDCS.TDCS_QUESTIONS (QUESTION_ID,QUESTION_DESCRIPTION,QUESTION_SCORE,QUESTION_CREATE_DATE,SUB_CATEGORY_ID,QUESTION_CREATE_BY,DIFFICULTY_LEVEL,QUESTION_TYPE_ID,QUESTION_STATUS,QUESTION_UPDATE_DATE,QUESTION_UPDATE_BY) values (1508,'ภาษานี้สามารถทำงานได้บนเครื่องคอมพิวเตอร์ระบบใดบ้าง ',2,to_date('22-OCT-15','DD-MON-RR'),1006,524,1,1,3,to_date('22-OCT-58','DD-MON-RR'),524);
Insert into TDCS.TDCS_QUESTIONS (QUESTION_ID,QUESTION_DESCRIPTION,QUESTION_SCORE,QUESTION_CREATE_DATE,SUB_CATEGORY_ID,QUESTION_CREATE_BY,DIFFICULTY_LEVEL,QUESTION_TYPE_ID,QUESTION_STATUS,QUESTION_UPDATE_DATE,QUESTION_UPDATE_BY) values (1662,'กฎหมายๆๆๆๆๆๆๆ',5,to_date('27-OCT-58','DD-MON-RR'),1503,582,3,2,3,null,null);
Insert into TDCS.TDCS_QUESTIONS (QUESTION_ID,QUESTION_DESCRIPTION,QUESTION_SCORE,QUESTION_CREATE_DATE,SUB_CATEGORY_ID,QUESTION_CREATE_BY,DIFFICULTY_LEVEL,QUESTION_TYPE_ID,QUESTION_STATUS,QUESTION_UPDATE_DATE,QUESTION_UPDATE_BY) values (1819,'บุคคลใดอยู่ในยุคหินบ้าง',5,to_date('29-OCT-15','DD-MON-RR'),1818,582,2,1,3,null,null);
Insert into TDCS.TDCS_QUESTIONS (QUESTION_ID,QUESTION_DESCRIPTION,QUESTION_SCORE,QUESTION_CREATE_DATE,SUB_CATEGORY_ID,QUESTION_CREATE_BY,DIFFICULTY_LEVEL,QUESTION_TYPE_ID,QUESTION_STATUS,QUESTION_UPDATE_DATE,QUESTION_UPDATE_BY) values (1486,'aaaaabccdddeeeffff',2,to_date('21-OCT-15','DD-MON-RR'),1006,524,3,2,4,to_date('21-OCT-58','DD-MON-RR'),524);
Insert into TDCS.TDCS_QUESTIONS (QUESTION_ID,QUESTION_DESCRIPTION,QUESTION_SCORE,QUESTION_CREATE_DATE,SUB_CATEGORY_ID,QUESTION_CREATE_BY,DIFFICULTY_LEVEL,QUESTION_TYPE_ID,QUESTION_STATUS,QUESTION_UPDATE_DATE,QUESTION_UPDATE_BY) values (561,'สัญลักษณ์ && หมายถึงอะไร',5,to_date('05-NOV-15','DD-MON-RR'),1006,537,2,1,3,null,null);
Insert into TDCS.TDCS_QUESTIONS (QUESTION_ID,QUESTION_DESCRIPTION,QUESTION_SCORE,QUESTION_CREATE_DATE,SUB_CATEGORY_ID,QUESTION_CREATE_BY,DIFFICULTY_LEVEL,QUESTION_TYPE_ID,QUESTION_STATUS,QUESTION_UPDATE_DATE,QUESTION_UPDATE_BY) values (1469,'aaaaab',2,to_date('21-OCT-15','DD-MON-RR'),1006,524,3,2,4,to_date('21-OCT-58','DD-MON-RR'),524);
Insert into TDCS.TDCS_QUESTIONS (QUESTION_ID,QUESTION_DESCRIPTION,QUESTION_SCORE,QUESTION_CREATE_DATE,SUB_CATEGORY_ID,QUESTION_CREATE_BY,DIFFICULTY_LEVEL,QUESTION_TYPE_ID,QUESTION_STATUS,QUESTION_UPDATE_DATE,QUESTION_UPDATE_BY) values (566,'จงเขียนโปรแกรมวนรับตัวเลข 1-10 และแสดงจำนวนเลขคู่ทั้งหมด โดยใช้ภาษา JAVA',2,to_date('05-NOV-15','DD-MON-RR'),982,537,1,2,3,null,null);
Insert into TDCS.TDCS_QUESTIONS (QUESTION_ID,QUESTION_DESCRIPTION,QUESTION_SCORE,QUESTION_CREATE_DATE,SUB_CATEGORY_ID,QUESTION_CREATE_BY,DIFFICULTY_LEVEL,QUESTION_TYPE_ID,QUESTION_STATUS,QUESTION_UPDATE_DATE,QUESTION_UPDATE_BY) values (1513,'TestEditปรนัยBefore',3,to_date('22-OCT-58','DD-MON-RR'),982,524,3,1,4,null,null);
Insert into TDCS.TDCS_QUESTIONS (QUESTION_ID,QUESTION_DESCRIPTION,QUESTION_SCORE,QUESTION_CREATE_DATE,SUB_CATEGORY_ID,QUESTION_CREATE_BY,DIFFICULTY_LEVEL,QUESTION_TYPE_ID,QUESTION_STATUS,QUESTION_UPDATE_DATE,QUESTION_UPDATE_BY) values (1970,'แนวความคิดแบบ OOP คืออะไร',5,to_date('30-OCT-15','DD-MON-RR'),1956,537,3,2,3,null,null);
Insert into TDCS.TDCS_QUESTIONS (QUESTION_ID,QUESTION_DESCRIPTION,QUESTION_SCORE,QUESTION_CREATE_DATE,SUB_CATEGORY_ID,QUESTION_CREATE_BY,DIFFICULTY_LEVEL,QUESTION_TYPE_ID,QUESTION_STATUS,QUESTION_UPDATE_DATE,QUESTION_UPDATE_BY) values (564,'ภาษานี้สามารถทำงานได้บนเครื่องคอมพิวเตอร์ระบบใดบ้าง ',2,to_date('05-NOV-15','DD-MON-RR'),1006,537,1,1,4,null,null);
Insert into TDCS.TDCS_QUESTIONS (QUESTION_ID,QUESTION_DESCRIPTION,QUESTION_SCORE,QUESTION_CREATE_DATE,SUB_CATEGORY_ID,QUESTION_CREATE_BY,DIFFICULTY_LEVEL,QUESTION_TYPE_ID,QUESTION_STATUS,QUESTION_UPDATE_DATE,QUESTION_UPDATE_BY) values (801,'aaaaa',2,to_date('08-OCT-15','DD-MON-RR'),1006,524,3,2,4,to_date('09-OCT-15','DD-MON-RR'),524);
Insert into TDCS.TDCS_QUESTIONS (QUESTION_ID,QUESTION_DESCRIPTION,QUESTION_SCORE,QUESTION_CREATE_DATE,SUB_CATEGORY_ID,QUESTION_CREATE_BY,DIFFICULTY_LEVEL,QUESTION_TYPE_ID,QUESTION_STATUS,QUESTION_UPDATE_DATE,QUESTION_UPDATE_BY) values (562,'ข้อใดเป็นภาษาคอมพิวเตอร์ ',1,to_date('05-NOV-15','DD-MON-RR'),1006,537,1,1,3,null,null);
Insert into TDCS.TDCS_QUESTIONS (QUESTION_ID,QUESTION_DESCRIPTION,QUESTION_SCORE,QUESTION_CREATE_DATE,SUB_CATEGORY_ID,QUESTION_CREATE_BY,DIFFICULTY_LEVEL,QUESTION_TYPE_ID,QUESTION_STATUS,QUESTION_UPDATE_DATE,QUESTION_UPDATE_BY) values (563,'Java Applets จะทำงานภายใต้โปรแกรมใด ',1,to_date('05-NOV-15','DD-MON-RR'),982,537,1,1,3,null,null);
Insert into TDCS.TDCS_QUESTIONS (QUESTION_ID,QUESTION_DESCRIPTION,QUESTION_SCORE,QUESTION_CREATE_DATE,SUB_CATEGORY_ID,QUESTION_CREATE_BY,DIFFICULTY_LEVEL,QUESTION_TYPE_ID,QUESTION_STATUS,QUESTION_UPDATE_DATE,QUESTION_UPDATE_BY) values (1485,'aaaaabccdddeee',2,to_date('21-OCT-15','DD-MON-RR'),1006,524,3,2,4,to_date('21-OCT-58','DD-MON-RR'),524);
Insert into TDCS.TDCS_QUESTIONS (QUESTION_ID,QUESTION_DESCRIPTION,QUESTION_SCORE,QUESTION_CREATE_DATE,SUB_CATEGORY_ID,QUESTION_CREATE_BY,DIFFICULTY_LEVEL,QUESTION_TYPE_ID,QUESTION_STATUS,QUESTION_UPDATE_DATE,QUESTION_UPDATE_BY) values (1528,'qwe',20,to_date('22-OCT-58','DD-MON-RR'),1383,537,3,2,4,null,null);
Insert into TDCS.TDCS_QUESTIONS (QUESTION_ID,QUESTION_DESCRIPTION,QUESTION_SCORE,QUESTION_CREATE_DATE,SUB_CATEGORY_ID,QUESTION_CREATE_BY,DIFFICULTY_LEVEL,QUESTION_TYPE_ID,QUESTION_STATUS,QUESTION_UPDATE_DATE,QUESTION_UPDATE_BY) values (1827,'ตัวดำเนินการ&&มีความหมายว่าอย่างไร',3,to_date('29-OCT-15','DD-MON-RR'),982,537,2,1,3,null,null);
Insert into TDCS.TDCS_QUESTIONS (QUESTION_ID,QUESTION_DESCRIPTION,QUESTION_SCORE,QUESTION_CREATE_DATE,SUB_CATEGORY_ID,QUESTION_CREATE_BY,DIFFICULTY_LEVEL,QUESTION_TYPE_ID,QUESTION_STATUS,QUESTION_UPDATE_DATE,QUESTION_UPDATE_BY) values (1832,'ข้อใด ไม่ใช่ ข้อดีของภาษาจาวาที่ต่างจากภาษาอื่น',2,to_date('29-OCT-15','DD-MON-RR'),982,582,1,1,3,null,null);
Insert into TDCS.TDCS_QUESTIONS (QUESTION_ID,QUESTION_DESCRIPTION,QUESTION_SCORE,QUESTION_CREATE_DATE,SUB_CATEGORY_ID,QUESTION_CREATE_BY,DIFFICULTY_LEVEL,QUESTION_TYPE_ID,QUESTION_STATUS,QUESTION_UPDATE_DATE,QUESTION_UPDATE_BY) values (1848,'นักธุรกิจที่ดีควรมีคุณสมบัติอย่างไร',2,to_date('29-OCT-15','DD-MON-RR'),1837,537,2,2,3,null,null);
Insert into TDCS.TDCS_QUESTIONS (QUESTION_ID,QUESTION_DESCRIPTION,QUESTION_SCORE,QUESTION_CREATE_DATE,SUB_CATEGORY_ID,QUESTION_CREATE_BY,DIFFICULTY_LEVEL,QUESTION_TYPE_ID,QUESTION_STATUS,QUESTION_UPDATE_DATE,QUESTION_UPDATE_BY) values (2007,'bbbccdddee',1,to_date('02-NOV-15','DD-MON-RR'),1956,524,3,1,3,null,null);
Insert into TDCS.TDCS_QUESTIONS (QUESTION_ID,QUESTION_DESCRIPTION,QUESTION_SCORE,QUESTION_CREATE_DATE,SUB_CATEGORY_ID,QUESTION_CREATE_BY,DIFFICULTY_LEVEL,QUESTION_TYPE_ID,QUESTION_STATUS,QUESTION_UPDATE_DATE,QUESTION_UPDATE_BY) values (2008,'Which of the following are Java keywords?',2,to_date('18-MAR-16','DD-MON-RR'),982,582,2,1,3,null,null);
Insert into TDCS.TDCS_QUESTIONS (QUESTION_ID,QUESTION_DESCRIPTION,QUESTION_SCORE,QUESTION_CREATE_DATE,SUB_CATEGORY_ID,QUESTION_CREATE_BY,DIFFICULTY_LEVEL,QUESTION_TYPE_ID,QUESTION_STATUS,QUESTION_UPDATE_DATE,QUESTION_UPDATE_BY) values (2009,'Which of the following are illegal lines?',2,to_date('18-MAR-16','DD-MON-RR'),982,582,2,1,3,null,null);
REM INSERTING into TDCS.TDCS_SECTION
SET DEFINE OFF;
Insert into TDCS.TDCS_SECTION (SECTION_ID,SECTION_NAME,COMP_ID,USER_ID) values (1,'Application1',1,null);
Insert into TDCS.TDCS_SECTION (SECTION_ID,SECTION_NAME,COMP_ID,USER_ID) values (2,'Application2',1,524);
Insert into TDCS.TDCS_SECTION (SECTION_ID,SECTION_NAME,COMP_ID,USER_ID) values (5,'New Section',1,null);
Insert into TDCS.TDCS_SECTION (SECTION_ID,SECTION_NAME,COMP_ID,USER_ID) values (4,'TEST',2,566);
Insert into TDCS.TDCS_SECTION (SECTION_ID,SECTION_NAME,COMP_ID,USER_ID) values (3,'COMPUTER',1,621);
REM INSERTING into TDCS.TDCS_SECTION_POSITION
SET DEFINE OFF;
Insert into TDCS.TDCS_SECTION_POSITION (SP_ID,SECTION_ID,POSI_ID) values (13,5,3);
Insert into TDCS.TDCS_SECTION_POSITION (SP_ID,SECTION_ID,POSI_ID) values (14,5,4);
Insert into TDCS.TDCS_SECTION_POSITION (SP_ID,SECTION_ID,POSI_ID) values (15,5,5);
Insert into TDCS.TDCS_SECTION_POSITION (SP_ID,SECTION_ID,POSI_ID) values (1,1,3);
Insert into TDCS.TDCS_SECTION_POSITION (SP_ID,SECTION_ID,POSI_ID) values (2,1,4);
Insert into TDCS.TDCS_SECTION_POSITION (SP_ID,SECTION_ID,POSI_ID) values (3,1,5);
Insert into TDCS.TDCS_SECTION_POSITION (SP_ID,SECTION_ID,POSI_ID) values (4,2,3);
Insert into TDCS.TDCS_SECTION_POSITION (SP_ID,SECTION_ID,POSI_ID) values (5,2,4);
Insert into TDCS.TDCS_SECTION_POSITION (SP_ID,SECTION_ID,POSI_ID) values (6,2,5);
Insert into TDCS.TDCS_SECTION_POSITION (SP_ID,SECTION_ID,POSI_ID) values (7,3,3);
Insert into TDCS.TDCS_SECTION_POSITION (SP_ID,SECTION_ID,POSI_ID) values (8,3,4);
Insert into TDCS.TDCS_SECTION_POSITION (SP_ID,SECTION_ID,POSI_ID) values (9,3,5);
Insert into TDCS.TDCS_SECTION_POSITION (SP_ID,SECTION_ID,POSI_ID) values (10,4,3);
Insert into TDCS.TDCS_SECTION_POSITION (SP_ID,SECTION_ID,POSI_ID) values (11,4,4);
Insert into TDCS.TDCS_SECTION_POSITION (SP_ID,SECTION_ID,POSI_ID) values (12,4,5);
REM INSERTING into TDCS.TDCS_STATUS
SET DEFINE OFF;
Insert into TDCS.TDCS_STATUS (STATUS_ID,STATUS_NAME,STATUS_DESCRIPTION) values (1,'Open','เผยแพร่');
Insert into TDCS.TDCS_STATUS (STATUS_ID,STATUS_NAME,STATUS_DESCRIPTION) values (7,'MarkConfirmed','ส่งผลตรวจแล้ว');
Insert into TDCS.TDCS_STATUS (STATUS_ID,STATUS_NAME,STATUS_DESCRIPTION) values (5,'Pending','รอตรวจ');
Insert into TDCS.TDCS_STATUS (STATUS_ID,STATUS_NAME,STATUS_DESCRIPTION) values (6,'Marked','ตรวจแล้ว');
Insert into TDCS.TDCS_STATUS (STATUS_ID,STATUS_NAME,STATUS_DESCRIPTION) values (2,'Close','ปิดการเผยแพร่');
Insert into TDCS.TDCS_STATUS (STATUS_ID,STATUS_NAME,STATUS_DESCRIPTION) values (3,'Ready','ยังไม่เผยแพร่');
Insert into TDCS.TDCS_STATUS (STATUS_ID,STATUS_NAME,STATUS_DESCRIPTION) values (4,'Deleted','ถูกลบ');
REM INSERTING into TDCS.TDCS_SUB_CATEGORIES
SET DEFINE OFF;
Insert into TDCS.TDCS_SUB_CATEGORIES (SUB_CATEGORY_ID,SUB_CATEGORY_NAME,CATEGORY_ID,SUB_CATEGORY_CREATE_BY) values (1854,'ประวัติศาสตร์พื้นฐาน','PTT01',537);
Insert into TDCS.TDCS_SUB_CATEGORIES (SUB_CATEGORY_ID,SUB_CATEGORY_NAME,CATEGORY_ID,SUB_CATEGORY_CREATE_BY) values (1818,'ยุคหิน','PTT01',582);
Insert into TDCS.TDCS_SUB_CATEGORIES (SUB_CATEGORY_ID,SUB_CATEGORY_NAME,CATEGORY_ID,SUB_CATEGORY_CREATE_BY) values (1503,'กฎหมายธุรกิจ','C0004',537);
Insert into TDCS.TDCS_SUB_CATEGORIES (SUB_CATEGORY_ID,SUB_CATEGORY_NAME,CATEGORY_ID,SUB_CATEGORY_CREATE_BY) values (1956,'ทดสอบ3','C0001',582);
Insert into TDCS.TDCS_SUB_CATEGORIES (SUB_CATEGORY_ID,SUB_CATEGORY_NAME,CATEGORY_ID,SUB_CATEGORY_CREATE_BY) values (982,'ภาษาจาวาพื้นฐาน','C0001',537);
Insert into TDCS.TDCS_SUB_CATEGORIES (SUB_CATEGORY_ID,SUB_CATEGORY_NAME,CATEGORY_ID,SUB_CATEGORY_CREATE_BY) values (984,'การบริหารงบประมาณโครงการ','C0003',537);
Insert into TDCS.TDCS_SUB_CATEGORIES (SUB_CATEGORY_ID,SUB_CATEGORY_NAME,CATEGORY_ID,SUB_CATEGORY_CREATE_BY) values (1006,'แบบทดสอบก่อนเรียน','C0001',582);
Insert into TDCS.TDCS_SUB_CATEGORIES (SUB_CATEGORY_ID,SUB_CATEGORY_NAME,CATEGORY_ID,SUB_CATEGORY_CREATE_BY) values (1837,'ธุรกิจพื้นฐาน','C0003',537);
Insert into TDCS.TDCS_SUB_CATEGORIES (SUB_CATEGORY_ID,SUB_CATEGORY_NAME,CATEGORY_ID,SUB_CATEGORY_CREATE_BY) values (1383,'ทดสอบ2','C0001',582);
Insert into TDCS.TDCS_SUB_CATEGORIES (SUB_CATEGORY_ID,SUB_CATEGORY_NAME,CATEGORY_ID,SUB_CATEGORY_CREATE_BY) values (1957,null,'C0001',582);
Insert into TDCS.TDCS_SUB_CATEGORIES (SUB_CATEGORY_ID,SUB_CATEGORY_NAME,CATEGORY_ID,SUB_CATEGORY_CREATE_BY) values (1960,'ธุรกิจพื้นฐาน','C0001',582);
Insert into TDCS.TDCS_SUB_CATEGORIES (SUB_CATEGORY_ID,SUB_CATEGORY_NAME,CATEGORY_ID,SUB_CATEGORY_CREATE_BY) values (1961,'TEST','C0003',582);
REM INSERTING into TDCS.TDCS_SUBTOPIC
SET DEFINE OFF;
Insert into TDCS.TDCS_SUBTOPIC (SUB_ID,TOPIC_ID,SUB_DATA) values (97,161,'ข้อสอบวัดระบบความรู้เชิงธุรกิจ');
Insert into TDCS.TDCS_SUBTOPIC (SUB_ID,TOPIC_ID,SUB_DATA) values (153,182,'การวางแผน');
Insert into TDCS.TDCS_SUBTOPIC (SUB_ID,TOPIC_ID,SUB_DATA) values (151,181,'คุณภาพงาน');
Insert into TDCS.TDCS_SUBTOPIC (SUB_ID,TOPIC_ID,SUB_DATA) values (152,181,'การปรับปรุงคุณภาพงาน');
Insert into TDCS.TDCS_SUBTOPIC (SUB_ID,TOPIC_ID,SUB_DATA) values (154,182,'การประเมินความเสี่ยง และการจัดการปัญหา');
Insert into TDCS.TDCS_SUBTOPIC (SUB_ID,TOPIC_ID,SUB_DATA) values (155,183,'ความรับผิดชอบต่อองค์กร');
Insert into TDCS.TDCS_SUBTOPIC (SUB_ID,TOPIC_ID,SUB_DATA) values (156,184,'การเสนอแนวคิดที่มีประโยชน์ต่องาน');
Insert into TDCS.TDCS_SUBTOPIC (SUB_ID,TOPIC_ID,SUB_DATA) values (157,185,'สัมพันธภาพที่ดีกับบุคคลอื่น');
Insert into TDCS.TDCS_SUBTOPIC (SUB_ID,TOPIC_ID,SUB_DATA) values (158,185,'เป็นผู้มีเหตุผล ยอมรับฟังความเห็นของคนอื่น');
Insert into TDCS.TDCS_SUBTOPIC (SUB_ID,TOPIC_ID,SUB_DATA) values (159,186,'การพัฒนาความรู้ที่เกี่ยวข้องกับงาน');
Insert into TDCS.TDCS_SUBTOPIC (SUB_ID,TOPIC_ID,SUB_DATA) values (104,183,'ความรับผิดชอบต่องานที่ได้รับมอบหมาย');
REM INSERTING into TDCS.TDCS_TEAM
SET DEFINE OFF;
Insert into TDCS.TDCS_TEAM (TEAM_ID,TEAM_NAME,SECTION_ID,USER_ID) values (181,'kak',3,621);
Insert into TDCS.TDCS_TEAM (TEAM_ID,TEAM_NAME,SECTION_ID,USER_ID) values (124,'Application2',2,524);
Insert into TDCS.TDCS_TEAM (TEAM_ID,TEAM_NAME,SECTION_ID,USER_ID) values (162,'TEST',4,566);
REM INSERTING into TDCS.TDCS_TOPIC
SET DEFINE OFF;
Insert into TDCS.TDCS_TOPIC (TOPIC_ID,TOPIC_DATA,SCORE) values (181,'คุณภาพงาน',10);
Insert into TDCS.TDCS_TOPIC (TOPIC_ID,TOPIC_DATA,SCORE) values (183,'ความรับผิดชอบ',10);
Insert into TDCS.TDCS_TOPIC (TOPIC_ID,TOPIC_DATA,SCORE) values (182,'การวางแผนการและควบคุมงาน',10);
Insert into TDCS.TDCS_TOPIC (TOPIC_ID,TOPIC_DATA,SCORE) values (184,'ความคิดริเริ่ม',10);
Insert into TDCS.TDCS_TOPIC (TOPIC_ID,TOPIC_DATA,SCORE) values (185,'การประสานงาน',10);
Insert into TDCS.TDCS_TOPIC (TOPIC_ID,TOPIC_DATA,SCORE) values (186,'ความรอบรู้',20);
Insert into TDCS.TDCS_TOPIC (TOPIC_ID,TOPIC_DATA,SCORE) values (161,'ความรู้พื้นฐานเชิงธุรกิจ',30);
REM INSERTING into TDCS.TDCS_UNIVERSITY
SET DEFINE OFF;
Insert into TDCS.TDCS_UNIVERSITY (UNIVERSITY_NAME,UNI_ID) values ('วิทยาลัยพยาบาลทหารอากาศ',82);
Insert into TDCS.TDCS_UNIVERSITY (UNIVERSITY_NAME,UNI_ID) values ('วิทยาลัยพยาบาลสภากาชาดไทย',83);
Insert into TDCS.TDCS_UNIVERSITY (UNIVERSITY_NAME,UNI_ID) values ('วิทยาลัยแพทยศาสตร์พระมงกุฎเกล้า',84);
Insert into TDCS.TDCS_UNIVERSITY (UNIVERSITY_NAME,UNI_ID) values ('ศูนย์ฝึกพาณิชย์นาวี',85);
Insert into TDCS.TDCS_UNIVERSITY (UNIVERSITY_NAME,UNI_ID) values ('โรงเรียนนายร้อยตำรวจ',86);
Insert into TDCS.TDCS_UNIVERSITY (UNIVERSITY_NAME,UNI_ID) values ('โรงเรียนนายร้อยพระจุลจอมเกล้า',87);
Insert into TDCS.TDCS_UNIVERSITY (UNIVERSITY_NAME,UNI_ID) values ('โรงเรียนนายเรือ',88);
Insert into TDCS.TDCS_UNIVERSITY (UNIVERSITY_NAME,UNI_ID) values ('โรงเรียนนายเรืออากาศนวมินทกษัตริยาธิราช',89);
Insert into TDCS.TDCS_UNIVERSITY (UNIVERSITY_NAME,UNI_ID) values ('มหาวิทยาลัยกรุงเทพ',90);
Insert into TDCS.TDCS_UNIVERSITY (UNIVERSITY_NAME,UNI_ID) values ('มหาวิทยาลัยกรุงเทพธนบุรี',91);
Insert into TDCS.TDCS_UNIVERSITY (UNIVERSITY_NAME,UNI_ID) values ('มหาวิทยาลัยการจัดการและเทคโนโลยีอีสเทิร์น',92);
Insert into TDCS.TDCS_UNIVERSITY (UNIVERSITY_NAME,UNI_ID) values ('มหาวิทยาลัยเกริก',93);
Insert into TDCS.TDCS_UNIVERSITY (UNIVERSITY_NAME,UNI_ID) values ('มหาวิทยาลัยเกษมบัณฑิต',94);
Insert into TDCS.TDCS_UNIVERSITY (UNIVERSITY_NAME,UNI_ID) values ('มหาวิทยาลัยคริสเตียน',95);
Insert into TDCS.TDCS_UNIVERSITY (UNIVERSITY_NAME,UNI_ID) values ('มหาวิทยาลัยเฉลิมกาญจนา',96);
Insert into TDCS.TDCS_UNIVERSITY (UNIVERSITY_NAME,UNI_ID) values ('มหาวิทยาลัยตาปี',97);
Insert into TDCS.TDCS_UNIVERSITY (UNIVERSITY_NAME,UNI_ID) values ('มหาวิทยาลัยเจ้าพระยา',98);
Insert into TDCS.TDCS_UNIVERSITY (UNIVERSITY_NAME,UNI_ID) values ('มหาวิทยาลัยชินวัตร',99);
Insert into TDCS.TDCS_UNIVERSITY (UNIVERSITY_NAME,UNI_ID) values ('มหาวิทยาลัยเซนต์จอห์น',100);
Insert into TDCS.TDCS_UNIVERSITY (UNIVERSITY_NAME,UNI_ID) values ('มหาวิทยาลัยเทคโนโลยีมหานคร',101);
Insert into TDCS.TDCS_UNIVERSITY (UNIVERSITY_NAME,UNI_ID) values ('มหาวิทยาลัยธนบุรี',102);
Insert into TDCS.TDCS_UNIVERSITY (UNIVERSITY_NAME,UNI_ID) values ('มหาวิทยาลัยธุรกิจบัณฑิตย์',103);
Insert into TDCS.TDCS_UNIVERSITY (UNIVERSITY_NAME,UNI_ID) values ('มหาวิทยาลัยนอร์ทกรุงเทพ',104);
Insert into TDCS.TDCS_UNIVERSITY (UNIVERSITY_NAME,UNI_ID) values ('มหาวิทยาลัยนอร์ท-เชียงใหม่',105);
Insert into TDCS.TDCS_UNIVERSITY (UNIVERSITY_NAME,UNI_ID) values ('มหาวิทยาลัยนานาชาติแสตมฟอร์ด',106);
Insert into TDCS.TDCS_UNIVERSITY (UNIVERSITY_NAME,UNI_ID) values ('มหาวิทยาลัยนานาชาติเอเชีย-แปซิฟิก',107);
Insert into TDCS.TDCS_UNIVERSITY (UNIVERSITY_NAME,UNI_ID) values ('มหาวิทยาลัยเนชั่น',108);
Insert into TDCS.TDCS_UNIVERSITY (UNIVERSITY_NAME,UNI_ID) values ('มหาวิทยาลัยปทุมธานี',109);
Insert into TDCS.TDCS_UNIVERSITY (UNIVERSITY_NAME,UNI_ID) values ('มหาวิทยาลัยพายัพ',110);
Insert into TDCS.TDCS_UNIVERSITY (UNIVERSITY_NAME,UNI_ID) values ('มหาวิทยาลัยพิษณุโลก',111);
Insert into TDCS.TDCS_UNIVERSITY (UNIVERSITY_NAME,UNI_ID) values ('มหาวิทยาลัยฟาร์อีสเทอร์น',112);
Insert into TDCS.TDCS_UNIVERSITY (UNIVERSITY_NAME,UNI_ID) values ('มหาวิทยาลัยภาคกลาง',113);
Insert into TDCS.TDCS_UNIVERSITY (UNIVERSITY_NAME,UNI_ID) values ('มหาวิทยาลัยภาคตะวันออกเฉียงเหนือ',114);
Insert into TDCS.TDCS_UNIVERSITY (UNIVERSITY_NAME,UNI_ID) values ('มหาวิทยาลัยรังสิต',115);
Insert into TDCS.TDCS_UNIVERSITY (UNIVERSITY_NAME,UNI_ID) values ('มหาวิทยาลัยรัตนบัณฑิต',116);
Insert into TDCS.TDCS_UNIVERSITY (UNIVERSITY_NAME,UNI_ID) values ('มหาวิทยาลัยราชธานี',117);
Insert into TDCS.TDCS_UNIVERSITY (UNIVERSITY_NAME,UNI_ID) values ('มหาวิทยาลัยวงษ์ชวลิตกุล',118);
Insert into TDCS.TDCS_UNIVERSITY (UNIVERSITY_NAME,UNI_ID) values ('มหาวิทยาลัยเวบสเตอร์ (ประเทศไทย)',119);
Insert into TDCS.TDCS_UNIVERSITY (UNIVERSITY_NAME,UNI_ID) values ('มหาวิทยาลัยเวสเทิร์น',120);
Insert into TDCS.TDCS_UNIVERSITY (UNIVERSITY_NAME,UNI_ID) values ('มหาวิทยาลัยศรีปทุม',121);
Insert into TDCS.TDCS_UNIVERSITY (UNIVERSITY_NAME,UNI_ID) values ('มหาวิทยาลัยสยาม',122);
Insert into TDCS.TDCS_UNIVERSITY (UNIVERSITY_NAME,UNI_ID) values ('มหาวิทยาลัยหอการค้าไทย',123);
Insert into TDCS.TDCS_UNIVERSITY (UNIVERSITY_NAME,UNI_ID) values ('มหาวิทยาลัยหัวเฉียวเฉลิมพระเกียรติ',124);
Insert into TDCS.TDCS_UNIVERSITY (UNIVERSITY_NAME,UNI_ID) values ('มหาวิทยาลัยหาดใหญ่',125);
Insert into TDCS.TDCS_UNIVERSITY (UNIVERSITY_NAME,UNI_ID) values ('มหาวิทยาลัยอัสสัมชัญ',126);
Insert into TDCS.TDCS_UNIVERSITY (UNIVERSITY_NAME,UNI_ID) values ('มหาวิทยาลัยฟาฏอนี',127);
Insert into TDCS.TDCS_UNIVERSITY (UNIVERSITY_NAME,UNI_ID) values ('มหาวิทยาลัยอีสเทิร์นเอเชีย',128);
Insert into TDCS.TDCS_UNIVERSITY (UNIVERSITY_NAME,UNI_ID) values ('มหาวิทยาลัยเอเชียน',129);
Insert into TDCS.TDCS_UNIVERSITY (UNIVERSITY_NAME,UNI_ID) values ('มหาวิทยาลัยเอเชียอาคเนย์',130);
Insert into TDCS.TDCS_UNIVERSITY (UNIVERSITY_NAME,UNI_ID) values ('สถาบันกันตนา',131);
Insert into TDCS.TDCS_UNIVERSITY (UNIVERSITY_NAME,UNI_ID) values ('สถาบันการจัดการปัญญาภิวัฒน์',132);
Insert into TDCS.TDCS_UNIVERSITY (UNIVERSITY_NAME,UNI_ID) values ('สถาบันการเรียนรู้เพื่อปวงชน',133);
Insert into TDCS.TDCS_UNIVERSITY (UNIVERSITY_NAME,UNI_ID) values ('สถาบันเทคโนโลยีไทย-ญี่ปุ่น',134);
Insert into TDCS.TDCS_UNIVERSITY (UNIVERSITY_NAME,UNI_ID) values ('สถาบันเทคโนโลยีแห่งอโยธยา',135);
Insert into TDCS.TDCS_UNIVERSITY (UNIVERSITY_NAME,UNI_ID) values ('สถาบันเทคโนโลยีแห่งเอเชีย',136);
Insert into TDCS.TDCS_UNIVERSITY (UNIVERSITY_NAME,UNI_ID) values ('สถาบันบัณฑิตศึกษาจุฬาภรณ์',137);
Insert into TDCS.TDCS_UNIVERSITY (UNIVERSITY_NAME,UNI_ID) values ('สถาบันเทคโนโลยียานยนต์มหาชัย',138);
Insert into TDCS.TDCS_UNIVERSITY (UNIVERSITY_NAME,UNI_ID) values ('สถาบันรัชต์ภาคย์',139);
Insert into TDCS.TDCS_UNIVERSITY (UNIVERSITY_NAME,UNI_ID) values ('สถาบันอาศรมศิลป์',140);
Insert into TDCS.TDCS_UNIVERSITY (UNIVERSITY_NAME,UNI_ID) values ('วิทยาลัยกรุงเทพสุวรรณภูมิ',141);
Insert into TDCS.TDCS_UNIVERSITY (UNIVERSITY_NAME,UNI_ID) values ('วิทยาลัยเชียงราย',142);
Insert into TDCS.TDCS_UNIVERSITY (UNIVERSITY_NAME,UNI_ID) values ('วิทยาลัยเซนต์หลุยส์',143);
Insert into TDCS.TDCS_UNIVERSITY (UNIVERSITY_NAME,UNI_ID) values ('วิทยาลัยเซาธ์อีสบางกอก',144);
Insert into TDCS.TDCS_UNIVERSITY (UNIVERSITY_NAME,UNI_ID) values ('วิทยาลัยดุสิตธานี',145);
Insert into TDCS.TDCS_UNIVERSITY (UNIVERSITY_NAME,UNI_ID) values ('วิทยาลัยทองสุข',146);
Insert into TDCS.TDCS_UNIVERSITY (UNIVERSITY_NAME,UNI_ID) values ('วิทยาลัยเทคโนโลยีจิตรลดา',147);
Insert into TDCS.TDCS_UNIVERSITY (UNIVERSITY_NAME,UNI_ID) values ('วิทยาลัยเทคโนโลยีพนมวันท์',148);
Insert into TDCS.TDCS_UNIVERSITY (UNIVERSITY_NAME,UNI_ID) values ('วิทยาลัยเทคโนโลยีภาคใต้',149);
Insert into TDCS.TDCS_UNIVERSITY (UNIVERSITY_NAME,UNI_ID) values ('วิทยาลัยเทคโนโลยีสยาม',150);
Insert into TDCS.TDCS_UNIVERSITY (UNIVERSITY_NAME,UNI_ID) values ('วิทยาลัยเทคโนโลยีสยาม (สยามเทค)',151);
Insert into TDCS.TDCS_UNIVERSITY (UNIVERSITY_NAME,UNI_ID) values ('วิทยาลัยนครราชสีมา',152);
Insert into TDCS.TDCS_UNIVERSITY (UNIVERSITY_NAME,UNI_ID) values ('วิทยาลัยนานาชาติเซนต์เทเรซา',153);
Insert into TDCS.TDCS_UNIVERSITY (UNIVERSITY_NAME,UNI_ID) values ('วิทยาลัยบัณฑิตเอเชีย',154);
Insert into TDCS.TDCS_UNIVERSITY (UNIVERSITY_NAME,UNI_ID) values ('วิทยาลัยพิชญบัณฑิต',155);
Insert into TDCS.TDCS_UNIVERSITY (UNIVERSITY_NAME,UNI_ID) values ('วิทยาลัยพุทธศาสนานานาชาติ',156);
Insert into TDCS.TDCS_UNIVERSITY (UNIVERSITY_NAME,UNI_ID) values ('วิทยาลัยราชพฤกษ์',157);
Insert into TDCS.TDCS_UNIVERSITY (UNIVERSITY_NAME,UNI_ID) values ('วิทยาลัยลุ่มน้ำปิง',158);
Insert into TDCS.TDCS_UNIVERSITY (UNIVERSITY_NAME,UNI_ID) values ('วิทยาลัยสันตพล',159);
Insert into TDCS.TDCS_UNIVERSITY (UNIVERSITY_NAME,UNI_ID) values ('วิทยาลัยแสงธรรม',160);
Insert into TDCS.TDCS_UNIVERSITY (UNIVERSITY_NAME,UNI_ID) values ('วิทยาลัยอินเตอร์เทคลำปาง',161);
Insert into TDCS.TDCS_UNIVERSITY (UNIVERSITY_NAME,UNI_ID) values ('มหาวิทยาลัยเกษตรศาสตร์',162);
Insert into TDCS.TDCS_UNIVERSITY (UNIVERSITY_NAME,UNI_ID) values ('มหาวิทยาลัยศิลปากร',3);
Insert into TDCS.TDCS_UNIVERSITY (UNIVERSITY_NAME,UNI_ID) values ('มหาวิทยาลัยสงขลานครินทร์',4);
Insert into TDCS.TDCS_UNIVERSITY (UNIVERSITY_NAME,UNI_ID) values ('มหาวิทยาลัยสุโขทัยธรรมาธิราช',5);
Insert into TDCS.TDCS_UNIVERSITY (UNIVERSITY_NAME,UNI_ID) values ('มหาวิทยาลัยอุบลราชธานี',6);
Insert into TDCS.TDCS_UNIVERSITY (UNIVERSITY_NAME,UNI_ID) values ('จุฬาลงกรณ์มหาวิทยาลัย',7);
Insert into TDCS.TDCS_UNIVERSITY (UNIVERSITY_NAME,UNI_ID) values ('มหาวิทยาลัยเชียงใหม่',8);
Insert into TDCS.TDCS_UNIVERSITY (UNIVERSITY_NAME,UNI_ID) values ('มหาวิทยาลัยทักษิณ',9);
Insert into TDCS.TDCS_UNIVERSITY (UNIVERSITY_NAME,UNI_ID) values ('มหาวิทยาลัยนวมินทราธิราช',10);
Insert into TDCS.TDCS_UNIVERSITY (UNIVERSITY_NAME,UNI_ID) values ('มหาวิทยาลัยบูรพา',11);
Insert into TDCS.TDCS_UNIVERSITY (UNIVERSITY_NAME,UNI_ID) values ('มหาวิทยาลัยเทคโนโลยีพระจอมเกล้าธนบุรี',12);
Insert into TDCS.TDCS_UNIVERSITY (UNIVERSITY_NAME,UNI_ID) values ('มหาวิทยาลัยเทคโนโลยีพระจอมเกล้าพระนครเหนือ',13);
Insert into TDCS.TDCS_UNIVERSITY (UNIVERSITY_NAME,UNI_ID) values ('มหาวิทยาลัยเทคโนโลยีสุรนารี',14);
Insert into TDCS.TDCS_UNIVERSITY (UNIVERSITY_NAME,UNI_ID) values ('มหาวิทยาลัยพะเยา',15);
Insert into TDCS.TDCS_UNIVERSITY (UNIVERSITY_NAME,UNI_ID) values ('มหาวิทยาลัยมหาจุฬาลงกรณราชวิทยาลัย',16);
Insert into TDCS.TDCS_UNIVERSITY (UNIVERSITY_NAME,UNI_ID) values ('มหาวิทยาลัยมหามกุฏราชวิทยาลัย',17);
Insert into TDCS.TDCS_UNIVERSITY (UNIVERSITY_NAME,UNI_ID) values ('มหาวิทยาลัยมหิดล',18);
Insert into TDCS.TDCS_UNIVERSITY (UNIVERSITY_NAME,UNI_ID) values ('มหาวิทยาลัยแม่ฟ้าหลวง',19);
Insert into TDCS.TDCS_UNIVERSITY (UNIVERSITY_NAME,UNI_ID) values ('มหาวิทยาลัยวลัยลักษณ์',20);
Insert into TDCS.TDCS_UNIVERSITY (UNIVERSITY_NAME,UNI_ID) values ('มหาวิทยาลัยราชภัฏกาญจนบุรี',21);
Insert into TDCS.TDCS_UNIVERSITY (UNIVERSITY_NAME,UNI_ID) values ('มหาวิทยาลัยราชภัฏกาฬสินธุ์',22);
Insert into TDCS.TDCS_UNIVERSITY (UNIVERSITY_NAME,UNI_ID) values ('มหาวิทยาลัยราชภัฏกำแพงเพชร',23);
Insert into TDCS.TDCS_UNIVERSITY (UNIVERSITY_NAME,UNI_ID) values ('มหาวิทยาลัยราชภัฏจันทรเกษม',24);
Insert into TDCS.TDCS_UNIVERSITY (UNIVERSITY_NAME,UNI_ID) values ('มหาวิทยาลัยราชภัฏชัยภูมิ',25);
Insert into TDCS.TDCS_UNIVERSITY (UNIVERSITY_NAME,UNI_ID) values ('มหาวิทยาลัยราชภัฏเชียงราย',26);
Insert into TDCS.TDCS_UNIVERSITY (UNIVERSITY_NAME,UNI_ID) values ('มหาวิทยาลัยราชภัฏเชียงใหม่',27);
Insert into TDCS.TDCS_UNIVERSITY (UNIVERSITY_NAME,UNI_ID) values ('มหาวิทยาลัยราชภัฏเทพสตรี',28);
Insert into TDCS.TDCS_UNIVERSITY (UNIVERSITY_NAME,UNI_ID) values ('มหาวิทยาลัยราชภัฏธนบุรี',29);
Insert into TDCS.TDCS_UNIVERSITY (UNIVERSITY_NAME,UNI_ID) values ('มหาวิทยาลัยราชภัฏนครปฐม',30);
Insert into TDCS.TDCS_UNIVERSITY (UNIVERSITY_NAME,UNI_ID) values ('มหาวิทยาลัยราชภัฏนครราชสีมา',31);
Insert into TDCS.TDCS_UNIVERSITY (UNIVERSITY_NAME,UNI_ID) values ('มหาวิทยาลัยราชภัฏนครศรีธรรมราช',32);
Insert into TDCS.TDCS_UNIVERSITY (UNIVERSITY_NAME,UNI_ID) values ('มหาวิทยาลัยราชภัฏนครสวรรค์',33);
Insert into TDCS.TDCS_UNIVERSITY (UNIVERSITY_NAME,UNI_ID) values ('มหาวิทยาลัยราชภัฏบ้านสมเด็จเจ้าพระยา',34);
Insert into TDCS.TDCS_UNIVERSITY (UNIVERSITY_NAME,UNI_ID) values ('มหาวิทยาลัยราชภัฏบึงกาฬ(กำลังรออนุมัติ)',35);
Insert into TDCS.TDCS_UNIVERSITY (UNIVERSITY_NAME,UNI_ID) values ('มหาวิทยาลัยราชภัฏบุรีรัมย์',36);
Insert into TDCS.TDCS_UNIVERSITY (UNIVERSITY_NAME,UNI_ID) values ('มหาวิทยาลัยราชภัฏพระนคร',37);
Insert into TDCS.TDCS_UNIVERSITY (UNIVERSITY_NAME,UNI_ID) values ('มหาวิทยาลัยราชภัฏพระนครศรีอยุธยา',38);
Insert into TDCS.TDCS_UNIVERSITY (UNIVERSITY_NAME,UNI_ID) values ('มหาวิทยาลัยราชภัฏพิบูลสงคราม',39);
Insert into TDCS.TDCS_UNIVERSITY (UNIVERSITY_NAME,UNI_ID) values ('มหาวิทยาลัยราชภัฏเพชรบุรี',40);
Insert into TDCS.TDCS_UNIVERSITY (UNIVERSITY_NAME,UNI_ID) values ('มหาวิทยาลัยราชภัฏเพชรบูรณ์',41);
Insert into TDCS.TDCS_UNIVERSITY (UNIVERSITY_NAME,UNI_ID) values ('มหาวิทยาลัยราชภัฏภูเก็ต',42);
Insert into TDCS.TDCS_UNIVERSITY (UNIVERSITY_NAME,UNI_ID) values ('มหาวิทยาลัยราชภัฏมหาสารคาม',43);
Insert into TDCS.TDCS_UNIVERSITY (UNIVERSITY_NAME,UNI_ID) values ('มหาวิทยาลัยราชภัฏยะลา',44);
Insert into TDCS.TDCS_UNIVERSITY (UNIVERSITY_NAME,UNI_ID) values ('มหาวิทยาลัยราชภัฏร้อยเอ็ด',45);
Insert into TDCS.TDCS_UNIVERSITY (UNIVERSITY_NAME,UNI_ID) values ('มหาวิทยาลัยราชภัฏราชนครินทร์',46);
Insert into TDCS.TDCS_UNIVERSITY (UNIVERSITY_NAME,UNI_ID) values ('มหาวิทยาลัยราชภัฏรำไพพรรณี',47);
Insert into TDCS.TDCS_UNIVERSITY (UNIVERSITY_NAME,UNI_ID) values ('มหาวิทยาลัยราชภัฏลำปาง',48);
Insert into TDCS.TDCS_UNIVERSITY (UNIVERSITY_NAME,UNI_ID) values ('มหาวิทยาลัยราชภัฏเลย',49);
Insert into TDCS.TDCS_UNIVERSITY (UNIVERSITY_NAME,UNI_ID) values ('มหาวิทยาลัยราชภัฏวไลยอลงกรณ์ ในพระบรมราชูปถัมภ์',50);
Insert into TDCS.TDCS_UNIVERSITY (UNIVERSITY_NAME,UNI_ID) values ('มหาวิทยาลัยราชภัฏศรีสะเกษ',51);
Insert into TDCS.TDCS_UNIVERSITY (UNIVERSITY_NAME,UNI_ID) values ('มหาวิทยาลัยราชภัฏสกลนคร',52);
Insert into TDCS.TDCS_UNIVERSITY (UNIVERSITY_NAME,UNI_ID) values ('มหาวิทยาลัยราชภัฏสงขลา',53);
Insert into TDCS.TDCS_UNIVERSITY (UNIVERSITY_NAME,UNI_ID) values ('มหาวิทยาลัยราชภัฏสวนดุสิต',54);
Insert into TDCS.TDCS_UNIVERSITY (UNIVERSITY_NAME,UNI_ID) values ('มหาวิทยาลัยราชภัฏสวนสุนันทา',55);
Insert into TDCS.TDCS_UNIVERSITY (UNIVERSITY_NAME,UNI_ID) values ('มหาวิทยาลัยราชภัฏสุราษฎร์ธานี',56);
Insert into TDCS.TDCS_UNIVERSITY (UNIVERSITY_NAME,UNI_ID) values ('มหาวิทยาลัยราชภัฏสุรินทร์',57);
Insert into TDCS.TDCS_UNIVERSITY (UNIVERSITY_NAME,UNI_ID) values ('มหาวิทยาลัยราชภัฏหมู่บ้านจอมบึง',58);
Insert into TDCS.TDCS_UNIVERSITY (UNIVERSITY_NAME,UNI_ID) values ('มหาวิทยาลัยราชภัฏอุดรธานี',59);
Insert into TDCS.TDCS_UNIVERSITY (UNIVERSITY_NAME,UNI_ID) values ('มหาวิทยาลัยราชภัฏอุตรดิตถ์',60);
Insert into TDCS.TDCS_UNIVERSITY (UNIVERSITY_NAME,UNI_ID) values ('มหาวิทยาลัยราชภัฏอุบลราชธานี',61);
Insert into TDCS.TDCS_UNIVERSITY (UNIVERSITY_NAME,UNI_ID) values ('มหาวิทยาลัยเทคโนโลยีราชมงคลกรุงเทพ',62);
Insert into TDCS.TDCS_UNIVERSITY (UNIVERSITY_NAME,UNI_ID) values ('มหาวิทยาลัยเทคโนโลยีราชมงคลตะวันออก',63);
Insert into TDCS.TDCS_UNIVERSITY (UNIVERSITY_NAME,UNI_ID) values ('มหาวิทยาลัยเทคโนโลยีราชมงคลธัญบุรี',64);
Insert into TDCS.TDCS_UNIVERSITY (UNIVERSITY_NAME,UNI_ID) values ('มหาวิทยาลัยเทคโนโลยีราชมงคลพระนคร',65);
Insert into TDCS.TDCS_UNIVERSITY (UNIVERSITY_NAME,UNI_ID) values ('มหาวิทยาลัยรามคำแหง',1);
Insert into TDCS.TDCS_UNIVERSITY (UNIVERSITY_NAME,UNI_ID) values ('มหาวิทยาลัยศรีนครินทรวิโรฒ',2);
Insert into TDCS.TDCS_UNIVERSITY (UNIVERSITY_NAME,UNI_ID) values ('มหาวิทยาลัยเทคโนโลยีราชมงคลรัตนโกสินทร์',66);
Insert into TDCS.TDCS_UNIVERSITY (UNIVERSITY_NAME,UNI_ID) values ('มหาวิทยาลัยเทคโนโลยีราชมงคลล้านนา',67);
Insert into TDCS.TDCS_UNIVERSITY (UNIVERSITY_NAME,UNI_ID) values ('มหาวิทยาลัยเทคโนโลยีราชมงคลศรีวิชัย',68);
Insert into TDCS.TDCS_UNIVERSITY (UNIVERSITY_NAME,UNI_ID) values ('มหาวิทยาลัยเทคโนโลยีราชมงคลสุวรรณภูมิ',69);
Insert into TDCS.TDCS_UNIVERSITY (UNIVERSITY_NAME,UNI_ID) values ('มหาวิทยาลัยเทคโนโลยีราชมงคลอีสาน',70);
Insert into TDCS.TDCS_UNIVERSITY (UNIVERSITY_NAME,UNI_ID) values ('สถาบันดนตรีกัลยาณิวัฒนา',71);
Insert into TDCS.TDCS_UNIVERSITY (UNIVERSITY_NAME,UNI_ID) values ('สถาบันเทคโนโลยีพระจอมเกล้าเจ้าคุณทหารลาดกระบัง',72);
Insert into TDCS.TDCS_UNIVERSITY (UNIVERSITY_NAME,UNI_ID) values ('สถาบันการบินพลเรือน',73);
Insert into TDCS.TDCS_UNIVERSITY (UNIVERSITY_NAME,UNI_ID) values ('สถาบันการพลศึกษา',74);
Insert into TDCS.TDCS_UNIVERSITY (UNIVERSITY_NAME,UNI_ID) values ('สถาบันเทคโนโลยีปทุมวัน',75);
Insert into TDCS.TDCS_UNIVERSITY (UNIVERSITY_NAME,UNI_ID) values ('สถาบันบัณฑิตพัฒนบริหารศาสตร์',76);
Insert into TDCS.TDCS_UNIVERSITY (UNIVERSITY_NAME,UNI_ID) values ('สถาบันบัณฑิตพัฒนศิลป์',77);
Insert into TDCS.TDCS_UNIVERSITY (UNIVERSITY_NAME,UNI_ID) values ('สถาบันพระบรมราชชนก',78);
Insert into TDCS.TDCS_UNIVERSITY (UNIVERSITY_NAME,UNI_ID) values ('วิทยาลัยพยาบาลกองทัพบก',79);
Insert into TDCS.TDCS_UNIVERSITY (UNIVERSITY_NAME,UNI_ID) values ('วิทยาลัยพยาบาลกองทัพเรือ',80);
Insert into TDCS.TDCS_UNIVERSITY (UNIVERSITY_NAME,UNI_ID) values ('วิทยาลัยพยาบาลตำรวจ',81);
REM INSERTING into TDCS.TDCS_UNIVERSITY_FACULTY
SET DEFINE OFF;
Insert into TDCS.TDCS_UNIVERSITY_FACULTY (UNI_FAC_ID,UNI_ID,FAC_ID) values (16,162,4);
Insert into TDCS.TDCS_UNIVERSITY_FACULTY (UNI_FAC_ID,UNI_ID,FAC_ID) values (4,72,1);
Insert into TDCS.TDCS_UNIVERSITY_FACULTY (UNI_FAC_ID,UNI_ID,FAC_ID) values (6,162,5);
Insert into TDCS.TDCS_UNIVERSITY_FACULTY (UNI_FAC_ID,UNI_ID,FAC_ID) values (1,1,1);
Insert into TDCS.TDCS_UNIVERSITY_FACULTY (UNI_FAC_ID,UNI_ID,FAC_ID) values (2,1,2);
Insert into TDCS.TDCS_UNIVERSITY_FACULTY (UNI_FAC_ID,UNI_ID,FAC_ID) values (3,1,3);
Insert into TDCS.TDCS_UNIVERSITY_FACULTY (UNI_FAC_ID,UNI_ID,FAC_ID) values (9,72,5);
Insert into TDCS.TDCS_UNIVERSITY_FACULTY (UNI_FAC_ID,UNI_ID,FAC_ID) values (5,2,1);
Insert into TDCS.TDCS_UNIVERSITY_FACULTY (UNI_FAC_ID,UNI_ID,FAC_ID) values (7,72,2);
Insert into TDCS.TDCS_UNIVERSITY_FACULTY (UNI_FAC_ID,UNI_ID,FAC_ID) values (8,72,3);
Insert into TDCS.TDCS_UNIVERSITY_FACULTY (UNI_FAC_ID,UNI_ID,FAC_ID) values (10,2,2);
Insert into TDCS.TDCS_UNIVERSITY_FACULTY (UNI_FAC_ID,UNI_ID,FAC_ID) values (11,2,3);
Insert into TDCS.TDCS_UNIVERSITY_FACULTY (UNI_FAC_ID,UNI_ID,FAC_ID) values (12,2,5);
Insert into TDCS.TDCS_UNIVERSITY_FACULTY (UNI_FAC_ID,UNI_ID,FAC_ID) values (13,162,1);
Insert into TDCS.TDCS_UNIVERSITY_FACULTY (UNI_FAC_ID,UNI_ID,FAC_ID) values (14,162,2);
Insert into TDCS.TDCS_UNIVERSITY_FACULTY (UNI_FAC_ID,UNI_ID,FAC_ID) values (15,162,3);
REM INSERTING into TDCS.TDCS_UNIVERSITY_FACULTY_MAJOR
SET DEFINE OFF;
Insert into TDCS.TDCS_UNIVERSITY_FACULTY_MAJOR (UNI_FAC_MAJ_ID,UNI_FAC_ID,MAJ_ID) values (9,16,2);
Insert into TDCS.TDCS_UNIVERSITY_FACULTY_MAJOR (UNI_FAC_MAJ_ID,UNI_FAC_ID,MAJ_ID) values (5,6,2);
Insert into TDCS.TDCS_UNIVERSITY_FACULTY_MAJOR (UNI_FAC_MAJ_ID,UNI_FAC_ID,MAJ_ID) values (1,1,1);
Insert into TDCS.TDCS_UNIVERSITY_FACULTY_MAJOR (UNI_FAC_MAJ_ID,UNI_FAC_ID,MAJ_ID) values (2,4,2);
Insert into TDCS.TDCS_UNIVERSITY_FACULTY_MAJOR (UNI_FAC_MAJ_ID,UNI_FAC_ID,MAJ_ID) values (3,5,1);
Insert into TDCS.TDCS_UNIVERSITY_FACULTY_MAJOR (UNI_FAC_MAJ_ID,UNI_FAC_ID,MAJ_ID) values (4,3,3);
Insert into TDCS.TDCS_UNIVERSITY_FACULTY_MAJOR (UNI_FAC_MAJ_ID,UNI_FAC_ID,MAJ_ID) values (6,13,1);
Insert into TDCS.TDCS_UNIVERSITY_FACULTY_MAJOR (UNI_FAC_MAJ_ID,UNI_FAC_ID,MAJ_ID) values (7,13,4);
Insert into TDCS.TDCS_UNIVERSITY_FACULTY_MAJOR (UNI_FAC_MAJ_ID,UNI_FAC_ID,MAJ_ID) values (8,15,3);
REM INSERTING into TDCS.TDCS_USER
SET DEFINE OFF;
Insert into TDCS.TDCS_USER (USER_ID,USERNAME,PASSWORD,EMP_ID,TH_FNAME,TH_LNAME,EN_FNAME,EN_LNAME,NICKNAME,GRADE,LEVELSTU,BIRTHDATE,TEL1,TEL2,EMAIL1,EMAIL2,ADDRESS,SKYPE,STATUS,IMANGE,START_WORK,END_WORK,STAFF_ID,TEAM_ID,VALIDATESTU,EVA_GRADE,PIORITY,COMP_ID,SP_ID,APT_ID,USER_CREATE,DATE_CREATE,USER_UPDATE,DATE_UPDATE,SECTION_ID,UNI_FAC_MAJ_ID,POSI_ID,VIEW_EVA) values (582,'patcharin_t','000000','55064','พัชรินทร์','ทองคำ','Patcharin','Thongkum','ริน',null,null,'04/06/1987',null,'0982514998','patcharin_t','patcha_rin1@hotmail.com','89/9 หมู่ 13 ต.คูคต อ.ลำลูกกา จ.ปทุมธานี 10120','patcha_._rin',2,null,'01/11/2012',null,null,124,1,null,'Tee004',1,5,null,'admin','05/08/2015',null,null,null,null,'1',1);
Insert into TDCS.TDCS_USER (USER_ID,USERNAME,PASSWORD,EMP_ID,TH_FNAME,TH_LNAME,EN_FNAME,EN_LNAME,NICKNAME,GRADE,LEVELSTU,BIRTHDATE,TEL1,TEL2,EMAIL1,EMAIL2,ADDRESS,SKYPE,STATUS,IMANGE,START_WORK,END_WORK,STAFF_ID,TEAM_ID,VALIDATESTU,EVA_GRADE,PIORITY,COMP_ID,SP_ID,APT_ID,USER_CREATE,DATE_CREATE,USER_UPDATE,DATE_UPDATE,SECTION_ID,UNI_FAC_MAJ_ID,POSI_ID,VIEW_EVA) values (583,'its-wanchana_k','000000','T58025','วันชนะ','กรรขำ','wanchana','kunkhum','เหน่ง',4,4,'06/05/1994',null,'0831881764','its-wanchana_k','wancha1993@outlook.com','425 ม.7 ต.วังข่อย อ.ไพศาลี จ.นครสวรรค์ 60220','neng',3,'567.jpg','18/05/2015','30/11/2015','582',null,1,'B','Tee004001',null,null,2,'admin','05/08/2015',null,null,null,'1','1',1);
Insert into TDCS.TDCS_USER (USER_ID,USERNAME,PASSWORD,EMP_ID,TH_FNAME,TH_LNAME,EN_FNAME,EN_LNAME,NICKNAME,GRADE,LEVELSTU,BIRTHDATE,TEL1,TEL2,EMAIL1,EMAIL2,ADDRESS,SKYPE,STATUS,IMANGE,START_WORK,END_WORK,STAFF_ID,TEAM_ID,VALIDATESTU,EVA_GRADE,PIORITY,COMP_ID,SP_ID,APT_ID,USER_CREATE,DATE_CREATE,USER_UPDATE,DATE_UPDATE,SECTION_ID,UNI_FAC_MAJ_ID,POSI_ID,VIEW_EVA) values (601,'boonchu_t','5207907','33334','บุญชู','ทองดี','Boonchu','Thongdee','ชู',null,null,'07/02/1995',null,'0999009900','boonchu_t','nuefj@vmail.com','จ.เชียงใหม่','chuu',2,null,'15/04/2015',null,null,124,1,null,'Tee006',1,6,null,'admin','06/08/2015',null,null,null,null,'5',1);
Insert into TDCS.TDCS_USER (USER_ID,USERNAME,PASSWORD,EMP_ID,TH_FNAME,TH_LNAME,EN_FNAME,EN_LNAME,NICKNAME,GRADE,LEVELSTU,BIRTHDATE,TEL1,TEL2,EMAIL1,EMAIL2,ADDRESS,SKYPE,STATUS,IMANGE,START_WORK,END_WORK,STAFF_ID,TEAM_ID,VALIDATESTU,EVA_GRADE,PIORITY,COMP_ID,SP_ID,APT_ID,USER_CREATE,DATE_CREATE,USER_UPDATE,DATE_UPDATE,SECTION_ID,UNI_FAC_MAJ_ID,POSI_ID,VIEW_EVA) values (3,'admin','admin','EMP55','ณเดช','คุกิมิยะ','nades','kukimiya','ณเดช',null,null,'18/02/1992','0273836106','0863578515','nades_k','watermelon@kmail.com','เมืองเอก กรุงเทพ 10540','watermelon',1,null,'03/06/2014',null,null,null,1,null,null,1,7,null,'admin','2015/03/26','admin','07/05/2015',null,null,'5',null);
Insert into TDCS.TDCS_USER (USER_ID,USERNAME,PASSWORD,EMP_ID,TH_FNAME,TH_LNAME,EN_FNAME,EN_LNAME,NICKNAME,GRADE,LEVELSTU,BIRTHDATE,TEL1,TEL2,EMAIL1,EMAIL2,ADDRESS,SKYPE,STATUS,IMANGE,START_WORK,END_WORK,STAFF_ID,TEAM_ID,VALIDATESTU,EVA_GRADE,PIORITY,COMP_ID,SP_ID,APT_ID,USER_CREATE,DATE_CREATE,USER_UPDATE,DATE_UPDATE,SECTION_ID,UNI_FAC_MAJ_ID,POSI_ID,VIEW_EVA) values (602,'boonchu_t','88888888','33334','บุญชู','ทองดี','Boonchu','Thongdee','ชู',null,null,'07/02/1995',null,'0999009900','boonchu_t','nuefj@vmail.com','จ.เชียงใหม่','chuu',2,null,'15/04/2015',null,null,124,1,null,'Tee007',1,6,null,'admin','06/08/2015',null,null,null,null,'1',null);
Insert into TDCS.TDCS_USER (USER_ID,USERNAME,PASSWORD,EMP_ID,TH_FNAME,TH_LNAME,EN_FNAME,EN_LNAME,NICKNAME,GRADE,LEVELSTU,BIRTHDATE,TEL1,TEL2,EMAIL1,EMAIL2,ADDRESS,SKYPE,STATUS,IMANGE,START_WORK,END_WORK,STAFF_ID,TEAM_ID,VALIDATESTU,EVA_GRADE,PIORITY,COMP_ID,SP_ID,APT_ID,USER_CREATE,DATE_CREATE,USER_UPDATE,DATE_UPDATE,SECTION_ID,UNI_FAC_MAJ_ID,POSI_ID,VIEW_EVA) values (524,'manit_j','000000','56000','มานิตย์','เจริญไชยตระกูล','Manit','Jaroenchaitrakul','ตี๋',null,null,'13/05/1982','0000000000','0000000000','manit_j','testtttt@test.com','testttttttttttttttt','testtttt',2,null,'01/01/2014',null,null,124,1,null,'Tee',1,4,null,'admin','27/07/2015',null,null,null,null,'5',1);
Insert into TDCS.TDCS_USER (USER_ID,USERNAME,PASSWORD,EMP_ID,TH_FNAME,TH_LNAME,EN_FNAME,EN_LNAME,NICKNAME,GRADE,LEVELSTU,BIRTHDATE,TEL1,TEL2,EMAIL1,EMAIL2,ADDRESS,SKYPE,STATUS,IMANGE,START_WORK,END_WORK,STAFF_ID,TEAM_ID,VALIDATESTU,EVA_GRADE,PIORITY,COMP_ID,SP_ID,APT_ID,USER_CREATE,DATE_CREATE,USER_UPDATE,DATE_UPDATE,SECTION_ID,UNI_FAC_MAJ_ID,POSI_ID,VIEW_EVA) values (535,'rujiphat_r','000000','57111','รุจิภาส','รมยานนท์','Rujiphat','Ramyananda','บาย',null,null,'23/08/1988',null,'0909733166','rujiphat_r','byendon@gmail.com','46/7 M.2 T.Nongping C.Mueng J.Nakhonsawan','r.ujiphat',2,null,'01/11/2014',null,null,124,1,null,'Tee001',1,5,null,'admin','28/07/2015',null,null,null,null,'1',null);
Insert into TDCS.TDCS_USER (USER_ID,USERNAME,PASSWORD,EMP_ID,TH_FNAME,TH_LNAME,EN_FNAME,EN_LNAME,NICKNAME,GRADE,LEVELSTU,BIRTHDATE,TEL1,TEL2,EMAIL1,EMAIL2,ADDRESS,SKYPE,STATUS,IMANGE,START_WORK,END_WORK,STAFF_ID,TEAM_ID,VALIDATESTU,EVA_GRADE,PIORITY,COMP_ID,SP_ID,APT_ID,USER_CREATE,DATE_CREATE,USER_UPDATE,DATE_UPDATE,SECTION_ID,UNI_FAC_MAJ_ID,POSI_ID,VIEW_EVA) values (537,'wannisa_s','000000','57073','วรรณิษา','สีกล่ำ','Wannisa','Sriglum','กั้ง',null,null,'14/07/1992',null,'0818749363','wannisa_s','kungnewk3@gmail.com','401 ม.6 รังสิต-นครนายก 47 ต.ปรชาธิปัตย์ อ.ธัญบุรี จ.ปทุมธานี 12130','wannisa.sriglum1',2,null,'02/06/2014',null,null,124,1,null,'Tee002',1,6,null,'admin','28/07/2015','wannisa_s','29/10/2015',null,null,null,1);
Insert into TDCS.TDCS_USER (USER_ID,USERNAME,PASSWORD,EMP_ID,TH_FNAME,TH_LNAME,EN_FNAME,EN_LNAME,NICKNAME,GRADE,LEVELSTU,BIRTHDATE,TEL1,TEL2,EMAIL1,EMAIL2,ADDRESS,SKYPE,STATUS,IMANGE,START_WORK,END_WORK,STAFF_ID,TEAM_ID,VALIDATESTU,EVA_GRADE,PIORITY,COMP_ID,SP_ID,APT_ID,USER_CREATE,DATE_CREATE,USER_UPDATE,DATE_UPDATE,SECTION_ID,UNI_FAC_MAJ_ID,POSI_ID,VIEW_EVA) values (539,'its-kanistha_f','000000','T58005','ขนิษฐา','ฝ่ายหินร่อง','Kanistha','Fhaihinrong','ขนิษฐา',4,3,'06/05/1994',null,'0863578515','its-kanistha_f','b5421651291@gmail.com','226/1 หมู่ 5 ต.ศีรษะจระเข้ใหญ่ อ.บางเสาธง จ.สมุทรปราการ 10570','unknow',3,'539.jpg','12/01/2015','08/05/2015','537',null,1,'C','Tee002001',null,null,2,'admin','28/07/2015','its-kanistha_f','29/07/2015',null,'9','2',1);
Insert into TDCS.TDCS_USER (USER_ID,USERNAME,PASSWORD,EMP_ID,TH_FNAME,TH_LNAME,EN_FNAME,EN_LNAME,NICKNAME,GRADE,LEVELSTU,BIRTHDATE,TEL1,TEL2,EMAIL1,EMAIL2,ADDRESS,SKYPE,STATUS,IMANGE,START_WORK,END_WORK,STAFF_ID,TEAM_ID,VALIDATESTU,EVA_GRADE,PIORITY,COMP_ID,SP_ID,APT_ID,USER_CREATE,DATE_CREATE,USER_UPDATE,DATE_UPDATE,SECTION_ID,UNI_FAC_MAJ_ID,POSI_ID,VIEW_EVA) values (538,'anunvit_i','000000','57101','อนันต์วิทย์','อินทรพันงาม','Anunvit','Intarapanngam','ตั้ม',null,null,'11/08/1990',null,'0859606395','anunvit_i','anunvit.at@gmail.com','18/9 ม. 14 ต. บึงคำพร้อย อ. ลำลูกกา จ. ปทุมธานี 12150','anunvit',2,null,'09/09/2014',null,null,124,1,null,'Tee003',1,5,null,'admin','28/07/2015',null,null,null,null,'5',null);
Insert into TDCS.TDCS_USER (USER_ID,USERNAME,PASSWORD,EMP_ID,TH_FNAME,TH_LNAME,EN_FNAME,EN_LNAME,NICKNAME,GRADE,LEVELSTU,BIRTHDATE,TEL1,TEL2,EMAIL1,EMAIL2,ADDRESS,SKYPE,STATUS,IMANGE,START_WORK,END_WORK,STAFF_ID,TEAM_ID,VALIDATESTU,EVA_GRADE,PIORITY,COMP_ID,SP_ID,APT_ID,USER_CREATE,DATE_CREATE,USER_UPDATE,DATE_UPDATE,SECTION_ID,UNI_FAC_MAJ_ID,POSI_ID,VIEW_EVA) values (641,'jokiz_j','000000','JOKIZ','โจ๊ก','โจ๊ก','JOKIZ','JOKIZ','โจ๊ก',null,null,'03/11/1993',null,'0877777777','jokiz_j','JOKIZZ','HOME','JOKIZZ',2,'581.jpg','08/05/2015',null,null,124,1,null,'Tee008',1,5,null,'admin','26/10/2015',null,null,null,null,null,null);
Insert into TDCS.TDCS_USER (USER_ID,USERNAME,PASSWORD,EMP_ID,TH_FNAME,TH_LNAME,EN_FNAME,EN_LNAME,NICKNAME,GRADE,LEVELSTU,BIRTHDATE,TEL1,TEL2,EMAIL1,EMAIL2,ADDRESS,SKYPE,STATUS,IMANGE,START_WORK,END_WORK,STAFF_ID,TEAM_ID,VALIDATESTU,EVA_GRADE,PIORITY,COMP_ID,SP_ID,APT_ID,USER_CREATE,DATE_CREATE,USER_UPDATE,DATE_UPDATE,SECTION_ID,UNI_FAC_MAJ_ID,POSI_ID,VIEW_EVA) values (661,'choochart_c','000000','T0056','ชูชาติ','ชัยชนะ','choochart','chaichana','ชาติ',null,null,'03/02/1984',null,'3433333333','choochart_c','ck@gmail.com','กรุงเทพ','chart111',2,null,'04/03/2010',null,null,124,1,null,'Tee009',1,5,null,'admin','02/11/2015','choochart_c','19/11/2015',null,null,null,null);
Insert into TDCS.TDCS_USER (USER_ID,USERNAME,PASSWORD,EMP_ID,TH_FNAME,TH_LNAME,EN_FNAME,EN_LNAME,NICKNAME,GRADE,LEVELSTU,BIRTHDATE,TEL1,TEL2,EMAIL1,EMAIL2,ADDRESS,SKYPE,STATUS,IMANGE,START_WORK,END_WORK,STAFF_ID,TEAM_ID,VALIDATESTU,EVA_GRADE,PIORITY,COMP_ID,SP_ID,APT_ID,USER_CREATE,DATE_CREATE,USER_UPDATE,DATE_UPDATE,SECTION_ID,UNI_FAC_MAJ_ID,POSI_ID,VIEW_EVA) values (662,'its-kittitorn_c','0000000','T58062','กิตติธร','จันทร์วิภาภรณ์','Kittitorn','Chanvipaporn','ท๊อป',3,4,'04/11/1995',null,'0944977595','its-kittitorn_c','top.tenn14@gmail.com','555/666','topfiiesky',3,null,'03/08/2015','20/11/2015','537',null,1,'F','Tee002002',null,null,2,'its-kittitorn_c','02/11/2015','its-kittitorn_c','16/11/2015',null,'5','2',1);
REM INSERTING into TDCS.TDCS_USERS_PAPERS
SET DEFINE OFF;
REM INSERTING into TDCS.TDCS2_EVA_BA
SET DEFINE OFF;
Insert into TDCS.TDCS2_EVA_BA (STUDENT_ID,STAFF_ID,P1,P2,P3,P4,P5,P6,P7,P8,P9,P10,P11,P12,P13,P14,N1,N2,N3,N4,N5,N6,N7,N8,N9,N10,N11,N12,N13,N14,SCORE,GRADE) values ('5700008','10001',34,3,5,6,5,4,6,6,6,4,null,3,2,5,'sdfg',null,null,null,null,null,null,null,null,null,null,null,null,null,null,null);
REM INSERTING into TDCS.TDCS2_EVA_SCORE_DEV
SET DEFINE OFF;
Insert into TDCS.TDCS2_EVA_SCORE_DEV (SC_SUBTOPIC_ID,MIN,MAX,DESCRIPTION,GRADE,EVASUBTOP_SUBTOPIC_ID) values ('S0008',3,4,'สามารถวางแผนสำหรับตนเอง และผู้ร่วมงานได้','B',null);
Insert into TDCS.TDCS2_EVA_SCORE_DEV (SC_SUBTOPIC_ID,MIN,MAX,DESCRIPTION,GRADE,EVASUBTOP_SUBTOPIC_ID) values ('S0008',2,2,'สามารถวางแผนสำหรับตนเองได้','C',null);
Insert into TDCS.TDCS2_EVA_SCORE_DEV (SC_SUBTOPIC_ID,MIN,MAX,DESCRIPTION,GRADE,EVASUBTOP_SUBTOPIC_ID) values ('S0008',0,1,'พยายามเรียนรู้และเริ่มต้นวางแผนสำหรับตนเองบ้าง','D',null);
Insert into TDCS.TDCS2_EVA_SCORE_DEV (SC_SUBTOPIC_ID,MIN,MAX,DESCRIPTION,GRADE,EVASUBTOP_SUBTOPIC_ID) values ('S0008',0,0,'ไม่มีการวางแผนงาน','F',null);
Insert into TDCS.TDCS2_EVA_SCORE_DEV (SC_SUBTOPIC_ID,MIN,MAX,DESCRIPTION,GRADE,EVASUBTOP_SUBTOPIC_ID) values ('S0009',4,5,'สามารถประเมินความเสี่ยงของงาน หาแนวทางป้องกัน และสามารถจัดการปัญหาที่เกิดขึ้นได้','A',null);
Insert into TDCS.TDCS2_EVA_SCORE_DEV (SC_SUBTOPIC_ID,MIN,MAX,DESCRIPTION,GRADE,EVASUBTOP_SUBTOPIC_ID) values ('S0009',2,3,'สามารถประเมินความเสี่ยงของงาน แต่ยังต้องการคำแนะนำในการป้องกัน หรือขอความช่วยเหลือในการจัดการปัญหาบ้าง','B',null);
Insert into TDCS.TDCS2_EVA_SCORE_DEV (SC_SUBTOPIC_ID,MIN,MAX,DESCRIPTION,GRADE,EVASUBTOP_SUBTOPIC_ID) values ('S0009',0,1,'ไม่สามารถประเมินความเสี่ยงของงาน และต้องการความช่วยเหลือในการจัดการปัญหาเป็นครั้งคราว','C',null);
Insert into TDCS.TDCS2_EVA_SCORE_DEV (SC_SUBTOPIC_ID,MIN,MAX,DESCRIPTION,GRADE,EVASUBTOP_SUBTOPIC_ID) values ('S0009',0,0,'ไม่สามารถประเมินความเสี่ยงของงาน  และต้องการความช่วยเหลือในการแก้ไขปัญหาเสมอ','D',null);
Insert into TDCS.TDCS2_EVA_SCORE_DEV (SC_SUBTOPIC_ID,MIN,MAX,DESCRIPTION,GRADE,EVASUBTOP_SUBTOPIC_ID) values ('S0009',0,0,'ไม่สามารถประเมินความเสี่ยงของงาน และไม่สามารถจัดการปัญหาได้','F',null);
Insert into TDCS.TDCS2_EVA_SCORE_DEV (SC_SUBTOPIC_ID,MIN,MAX,DESCRIPTION,GRADE,EVASUBTOP_SUBTOPIC_ID) values ('S0010',5,5,'รับฟังความคิดเห็นของผู้อื่น และเลือกแนวทางในการปรับปรุง หรือแก้ไขปัญหาที่ได้รับการยอมรับจากทุกฝ่ายได้','A',null);
Insert into TDCS.TDCS2_EVA_SCORE_DEV (SC_SUBTOPIC_ID,MIN,MAX,DESCRIPTION,GRADE,EVASUBTOP_SUBTOPIC_ID) values ('S0010',4,4,'รับฟังความคิดเห็นของผู้อื่น และเลือกแนวทางในการปรับปรุง หรือแก้ไขปัญหาได้ โดยต้องการคำแนะนำเพิ่มเติมบ้าง','B',null);
Insert into TDCS.TDCS2_EVA_SCORE_DEV (SC_SUBTOPIC_ID,MIN,MAX,DESCRIPTION,GRADE,EVASUBTOP_SUBTOPIC_ID) values ('S0010',3,3,'รับฟังความคิดเห็นของผู้อื่น','C',null);
Insert into TDCS.TDCS2_EVA_SCORE_DEV (SC_SUBTOPIC_ID,MIN,MAX,DESCRIPTION,GRADE,EVASUBTOP_SUBTOPIC_ID) values ('S0010',0,0,'ไม่เปิดโอกาสในการรับฟังความคิดเห็นผู้อื่น','D',null);
Insert into TDCS.TDCS2_EVA_SCORE_DEV (SC_SUBTOPIC_ID,MIN,MAX,DESCRIPTION,GRADE,EVASUBTOP_SUBTOPIC_ID) values ('S0010',0,0,'ไม่เปิดโอกาส และไม่ยอมรับฟังความคิดเห็นของผู้อื่น','F',null);
Insert into TDCS.TDCS2_EVA_SCORE_DEV (SC_SUBTOPIC_ID,MIN,MAX,DESCRIPTION,GRADE,EVASUBTOP_SUBTOPIC_ID) values ('S0011',7,10,'วางแผนการใช้เวลาว่างในการหาความรู้ หรือถ่ายทอดความรู้สู่ผู้อื่นให้เกิดประโยชน์สูงสุด','A',null);
Insert into TDCS.TDCS2_EVA_SCORE_DEV (SC_SUBTOPIC_ID,MIN,MAX,DESCRIPTION,GRADE,EVASUBTOP_SUBTOPIC_ID) values ('S0011',4,6,'วางแผนการใช้เวลาว่างในการหาความรู้อย่างสม่ำเสมอ','B',null);
Insert into TDCS.TDCS2_EVA_SCORE_DEV (SC_SUBTOPIC_ID,MIN,MAX,DESCRIPTION,GRADE,EVASUBTOP_SUBTOPIC_ID) values ('S0011',1,3,'พยายามใช้เวลาว่างในการหาความรู้','C',null);
Insert into TDCS.TDCS2_EVA_SCORE_DEV (SC_SUBTOPIC_ID,MIN,MAX,DESCRIPTION,GRADE,EVASUBTOP_SUBTOPIC_ID) values ('S0011',0,0,'หาความรู้เพิ่มเติม เมื่อพบว่าต้องใช้แก้ปัญหาในงาน หรือรอหัวหน้างานสั่ง','D',null);
Insert into TDCS.TDCS2_EVA_SCORE_DEV (SC_SUBTOPIC_ID,MIN,MAX,DESCRIPTION,GRADE,EVASUBTOP_SUBTOPIC_ID) values ('S0011',0,0,'ไม่สนใจหาความรู้เพิ่มเติม','F',null);
Insert into TDCS.TDCS2_EVA_SCORE_DEV (SC_SUBTOPIC_ID,MIN,MAX,DESCRIPTION,GRADE,EVASUBTOP_SUBTOPIC_ID) values ('S0012',5,5,'มาทำงานไม่เกิน 8.30 น. และมีชั่วโมงการทำงานไม่น้อยกว่า 8 ชั่วโมงต่อวัน','A',null);
Insert into TDCS.TDCS2_EVA_SCORE_DEV (SC_SUBTOPIC_ID,MIN,MAX,DESCRIPTION,GRADE,EVASUBTOP_SUBTOPIC_ID) values ('S0012',4,4,'มาทำงานไม่เกิน 9.00 น. และมีชั่วโมงการทำงานไม่น้อยกว่า 8 ชั่วโมงต่อวัน','B',null);
Insert into TDCS.TDCS2_EVA_SCORE_DEV (SC_SUBTOPIC_ID,MIN,MAX,DESCRIPTION,GRADE,EVASUBTOP_SUBTOPIC_ID) values ('S0012',3,3,'มาทำงานเกิน 9.00 น. หรือมีชั่วโมงการทำงานน้อยกว่า 8 ชั่วโมงต่อวัน ไม่เกิน 2 ครั้งต่อเดือน','C',null);
Insert into TDCS.TDCS2_EVA_SCORE_DEV (SC_SUBTOPIC_ID,MIN,MAX,DESCRIPTION,GRADE,EVASUBTOP_SUBTOPIC_ID) values ('S0012',1,1,'มาทำงานเกิน 9.00 น. หรือมีชั่วโมงการทำงานน้อยกว่า 8 ชั่วโมงต่อวัน 3-4 ครั้งต่อเดือน','D',null);
Insert into TDCS.TDCS2_EVA_SCORE_DEV (SC_SUBTOPIC_ID,MIN,MAX,DESCRIPTION,GRADE,EVASUBTOP_SUBTOPIC_ID) values ('S0012',0,0,'มาทำงานเกิน 9.00 น. หรือมีชั่วโมงการทำงานน้อยกว่า 8 ชั่วโมงต่อวัน มากกว่า 4 ครั้งต่อเดือน','F',null);
Insert into TDCS.TDCS2_EVA_SCORE_DEV (SC_SUBTOPIC_ID,MIN,MAX,DESCRIPTION,GRADE,EVASUBTOP_SUBTOPIC_ID) values ('S0013',3,3,'ลาเมื่อมีธุระจำเป็น และพยายามรักษาความพร้อมของร่างกายให้สมบูรณ์พร้อมสำหรับการทำงานอยู่เสมอ','A',null);
Insert into TDCS.TDCS2_EVA_SCORE_DEV (SC_SUBTOPIC_ID,MIN,MAX,DESCRIPTION,GRADE,EVASUBTOP_SUBTOPIC_ID) values ('S0013',2,2,'ลาเมื่อมีธุระจำเป็น  หรือเจ็บป่วยไม่สามารถทำงานได้  โดยไม่เกินกำหนดที่บริษัทอนุญาตไว้ และไม่กระทบกับงานที่รับผิดชอบ','B',null);
Insert into TDCS.TDCS2_EVA_SCORE_DEV (SC_SUBTOPIC_ID,MIN,MAX,DESCRIPTION,GRADE,EVASUBTOP_SUBTOPIC_ID) values ('S0013',1,1,'ลาเมื่อมีธุระจำเป็น  หรือเจ็บป่วยไม่สามารถทำงานได้  โดยไม่เกินกำหนดที่บริษัทอนุญาตไว้','C',null);
Insert into TDCS.TDCS2_EVA_SCORE_DEV (SC_SUBTOPIC_ID,MIN,MAX,DESCRIPTION,GRADE,EVASUBTOP_SUBTOPIC_ID) values ('S0013',0,0,'ลา/เจ็บป่วยโดยไม่จำเป็น เพื่อพยายามใช้วันลาให้ครบตามกำหนดที่บริษัทอนุญาตไว้','D',null);
Insert into TDCS.TDCS2_EVA_SCORE_DEV (SC_SUBTOPIC_ID,MIN,MAX,DESCRIPTION,GRADE,EVASUBTOP_SUBTOPIC_ID) values ('S0013',0,0,'ลาโดยไม่จำเป็น หรือเจ็บป่วยบ่อย ทำให้ต้องมีผู้รับผิดชอบงานแทนเป็นประจำ','F',null);
Insert into TDCS.TDCS2_EVA_SCORE_DEV (SC_SUBTOPIC_ID,MIN,MAX,DESCRIPTION,GRADE,EVASUBTOP_SUBTOPIC_ID) values ('S0014',0,2,'แต่งกายสุภาพเรียบร้อยทุกวัน โดยใส่เสื้อบริษัท เสื้อคลุม หรือเสื้ออื่นๆ ที่สุภาพเหมาะสมกับการทำงาน','A',null);
Insert into TDCS.TDCS2_EVA_SCORE_DEV (SC_SUBTOPIC_ID,MIN,MAX,DESCRIPTION,GRADE,EVASUBTOP_SUBTOPIC_ID) values ('S0014',0,0,'-','B',null);
Insert into TDCS.TDCS2_EVA_SCORE_DEV (SC_SUBTOPIC_ID,MIN,MAX,DESCRIPTION,GRADE,EVASUBTOP_SUBTOPIC_ID) values ('S0014',0,0,'--','C',null);
Insert into TDCS.TDCS2_EVA_SCORE_DEV (SC_SUBTOPIC_ID,MIN,MAX,DESCRIPTION,GRADE,EVASUBTOP_SUBTOPIC_ID) values ('S0014',0,0,'---','D',null);
Insert into TDCS.TDCS2_EVA_SCORE_DEV (SC_SUBTOPIC_ID,MIN,MAX,DESCRIPTION,GRADE,EVASUBTOP_SUBTOPIC_ID) values ('S0014',0,0,'----','F',null);
Insert into TDCS.TDCS2_EVA_SCORE_DEV (SC_SUBTOPIC_ID,MIN,MAX,DESCRIPTION,GRADE,EVASUBTOP_SUBTOPIC_ID) values ('S0001',5,5,'รับผิดชอบต่องานที่ได้รับมอบหมาย และติดตามงานจนแล้วเสร็จ โดยมีความพยายามอย่างสุดความสามารถ ไม่ย่อท้อต่ออุปสรรค/ปัญหา','A',null);
Insert into TDCS.TDCS2_EVA_SCORE_DEV (SC_SUBTOPIC_ID,MIN,MAX,DESCRIPTION,GRADE,EVASUBTOP_SUBTOPIC_ID) values ('S0001',3,4,'รับผิดชอบต่องานที่ได้รับมอบหมาย และติดตามงานจนแล้วเสร็จ โดยมีความพยายามอย่างสุดความสามารถ ต้องการกำลังใจ หรือการสนับสนุนเพิ่มเติมในบางครั้ง','B',null);
Insert into TDCS.TDCS2_EVA_SCORE_DEV (SC_SUBTOPIC_ID,MIN,MAX,DESCRIPTION,GRADE,EVASUBTOP_SUBTOPIC_ID) values ('S0001',2,2,'รับผิดชอบต่องานที่ได้รับมอบหมาย และติดตามงาน','C',null);
Insert into TDCS.TDCS2_EVA_SCORE_DEV (SC_SUBTOPIC_ID,MIN,MAX,DESCRIPTION,GRADE,EVASUBTOP_SUBTOPIC_ID) values ('S0001',1,1,'รับผิดชอบต่องานที่ได้รับมอบหมาย แต่ไม่ติดตามงานจนแล้วเสร็จ','D',null);
Insert into TDCS.TDCS2_EVA_SCORE_DEV (SC_SUBTOPIC_ID,MIN,MAX,DESCRIPTION,GRADE,EVASUBTOP_SUBTOPIC_ID) values ('S0001',0,0,'ไม่ให้ความสำคัญกับงานที่ได้รับมอบหมาย','F',null);
Insert into TDCS.TDCS2_EVA_SCORE_DEV (SC_SUBTOPIC_ID,MIN,MAX,DESCRIPTION,GRADE,EVASUBTOP_SUBTOPIC_ID) values ('S0002',4,5,'ดูแลรับผิดชอบต่อทรัพย์สินส่วนรวม ให้อยู่ในสภาพดี ใช้ทรัพยากรอย่างคุ้มค่า และพยายามปลูกฝังค่านิยมให้ทุกคนปฏิบัติตาม','A',null);
Insert into TDCS.TDCS2_EVA_SCORE_DEV (SC_SUBTOPIC_ID,MIN,MAX,DESCRIPTION,GRADE,EVASUBTOP_SUBTOPIC_ID) values ('S0002',2,3,'ดูแลรับผิดชอบต่อทรัพย์สินส่วนรวม ให้อยู่ในสภาพดี และใช้ทรัพยากรอย่างคุ้มค่า','B',null);
Insert into TDCS.TDCS2_EVA_SCORE_DEV (SC_SUBTOPIC_ID,MIN,MAX,DESCRIPTION,GRADE,EVASUBTOP_SUBTOPIC_ID) values ('S0002',1,2,'รับผิดชอบต่อทรัพย์สินส่วนรวม ให้ใช้งานได้ ไม่สูญหาย และไม่ใช้ทรัพยากรสิ้นเปลือง','C',null);
Insert into TDCS.TDCS2_EVA_SCORE_DEV (SC_SUBTOPIC_ID,MIN,MAX,DESCRIPTION,GRADE,EVASUBTOP_SUBTOPIC_ID) values ('S0002',0,1,'รับผิดชอบต่อทรัพย์สินที่ให้ใช้ส่วนตัว ให้ใช้งานได้ ไม่สูญหาย','D',null);
Insert into TDCS.TDCS2_EVA_SCORE_DEV (SC_SUBTOPIC_ID,MIN,MAX,DESCRIPTION,GRADE,EVASUBTOP_SUBTOPIC_ID) values ('S0002',0,0,'ไม่ต้องการรับผิดชอบ','F',null);
Insert into TDCS.TDCS2_EVA_SCORE_DEV (SC_SUBTOPIC_ID,MIN,MAX,DESCRIPTION,GRADE,EVASUBTOP_SUBTOPIC_ID) values ('S0003',9,10,'มีแนวคิด และแนวปฏิบัติในการพัฒนาประสิทธิภาพการทำงาน อันเป็นแบบอย่างที่ดีสำหรับผู้อื่นได้','A',null);
Insert into TDCS.TDCS2_EVA_SCORE_DEV (SC_SUBTOPIC_ID,MIN,MAX,DESCRIPTION,GRADE,EVASUBTOP_SUBTOPIC_ID) values ('S0003',6,8,'มีแนวคิด และแนวปฏิบัติในการพัฒนาประสิทธิภาพการทำงาน','B',null);
Insert into TDCS.TDCS2_EVA_SCORE_DEV (SC_SUBTOPIC_ID,MIN,MAX,DESCRIPTION,GRADE,EVASUBTOP_SUBTOPIC_ID) values ('S0003',3,5,'มีแนวคิด และแนวปฏิบัติในการพัฒนาประสิทธิภาพการทำงาน แต่ยังต้องปรับเปลี่ยนเพื่อความเหมาะสมบ้าง','C',null);
Insert into TDCS.TDCS2_EVA_SCORE_DEV (SC_SUBTOPIC_ID,MIN,MAX,DESCRIPTION,GRADE,EVASUBTOP_SUBTOPIC_ID) values ('S0003',0,2,'มีแนวคิดที่มีประโยชน์ต่องาน แต่ยังไม่สามารถทำได้จริง','D',null);
Insert into TDCS.TDCS2_EVA_SCORE_DEV (SC_SUBTOPIC_ID,MIN,MAX,DESCRIPTION,GRADE,EVASUBTOP_SUBTOPIC_ID) values ('S0003',0,0,'ไม่มีแนวคิดที่มีประโยชน์ต่องาน','F',null);
Insert into TDCS.TDCS2_EVA_SCORE_DEV (SC_SUBTOPIC_ID,MIN,MAX,DESCRIPTION,GRADE,EVASUBTOP_SUBTOPIC_ID) values ('S0004',4,5,'รู้จักป้องกัน-แก้ไขปัญหา สร้างสัมพันธภาพที่ดี ทำให้ทีมงานสามารถทำงานร่วมกันได้อย่างมีประสิทธิผลมากที่สุด','A',null);
Insert into TDCS.TDCS2_EVA_SCORE_DEV (SC_SUBTOPIC_ID,MIN,MAX,DESCRIPTION,GRADE,EVASUBTOP_SUBTOPIC_ID) values ('S0004',3,3,'รู้จักแก้ไขปัญหา สร้างสัมพันธภาพที่ดี ทำให้ทีมงานสามารถทำงานร่วมกันได้','B',null);
Insert into TDCS.TDCS2_EVA_SCORE_DEV (SC_SUBTOPIC_ID,MIN,MAX,DESCRIPTION,GRADE,EVASUBTOP_SUBTOPIC_ID) values ('S0004',2,2,'สร้างสัมพันธภาพที่ดี ทำให้ทีมงานสามารถทำงานร่วมกันได้','C',null);
Insert into TDCS.TDCS2_EVA_SCORE_DEV (SC_SUBTOPIC_ID,MIN,MAX,DESCRIPTION,GRADE,EVASUBTOP_SUBTOPIC_ID) values ('S0004',1,1,'มีความขัดแย้งบ้าง แต่สามารถทำงานร่วมกันได้','D',null);
Insert into TDCS.TDCS2_EVA_SCORE_DEV (SC_SUBTOPIC_ID,MIN,MAX,DESCRIPTION,GRADE,EVASUBTOP_SUBTOPIC_ID) values ('S0004',0,0,'ไม่สามารถทำงานร่วมกับผู้อื่นได้','F',null);
Insert into TDCS.TDCS2_EVA_SCORE_DEV (SC_SUBTOPIC_ID,MIN,MAX,DESCRIPTION,GRADE,EVASUBTOP_SUBTOPIC_ID) values ('S0005',26,30,'สามารถทำผลสอบอยู่ในช่วง 26-30 คะแนน','A',null);
Insert into TDCS.TDCS2_EVA_SCORE_DEV (SC_SUBTOPIC_ID,MIN,MAX,DESCRIPTION,GRADE,EVASUBTOP_SUBTOPIC_ID) values ('S0005',20,25,'สามารถทำผลสอบอยู่ในช่วง 20-25.99 คะแนน','B',null);
Insert into TDCS.TDCS2_EVA_SCORE_DEV (SC_SUBTOPIC_ID,MIN,MAX,DESCRIPTION,GRADE,EVASUBTOP_SUBTOPIC_ID) values ('S0005',14,19,'สามารถทำผลสอบอยู่ในช่วง 14-19.99 คะแนน','C',null);
Insert into TDCS.TDCS2_EVA_SCORE_DEV (SC_SUBTOPIC_ID,MIN,MAX,DESCRIPTION,GRADE,EVASUBTOP_SUBTOPIC_ID) values ('S0005',8,13,'สามารถทำผลสอบอยู่ในช่วง 8-13.99 คะแนน','D',null);
Insert into TDCS.TDCS2_EVA_SCORE_DEV (SC_SUBTOPIC_ID,MIN,MAX,DESCRIPTION,GRADE,EVASUBTOP_SUBTOPIC_ID) values ('S0005',0,7,'ไม่สามารถทำคะแนนได้ถึง 8 คะแนน','F',null);
Insert into TDCS.TDCS2_EVA_SCORE_DEV (SC_SUBTOPIC_ID,MIN,MAX,DESCRIPTION,GRADE,EVASUBTOP_SUBTOPIC_ID) values ('S0006',5,5,'สามารถทำงานที่ได้รับมอบหมายได้ ส่งงานตรงเวลา สามารถตรวจสอบคุณภาพงาน และนำเสนอแนวทางในการปรับปรุง/ตรวจสอบคุณภาพงานได้','A',null);
Insert into TDCS.TDCS2_EVA_SCORE_DEV (SC_SUBTOPIC_ID,MIN,MAX,DESCRIPTION,GRADE,EVASUBTOP_SUBTOPIC_ID) values ('S0006',3,4,'สามารถทำงานที่ได้รับมอบหมายได้และส่งงานตรงเวลา โดยไม่มีข้อผิดพลาด','B',null);
Insert into TDCS.TDCS2_EVA_SCORE_DEV (SC_SUBTOPIC_ID,MIN,MAX,DESCRIPTION,GRADE,EVASUBTOP_SUBTOPIC_ID) values ('S0006',1,2,'สามารถทำงานที่ได้รับมอบหมายได้และส่งงานตรงเวลา แต่มีข้อผิดพลาดบ้าง','C',null);
Insert into TDCS.TDCS2_EVA_SCORE_DEV (SC_SUBTOPIC_ID,MIN,MAX,DESCRIPTION,GRADE,EVASUBTOP_SUBTOPIC_ID) values ('S0006',0,0,'สามารถทำงานที่ได้รับมอบหมายได้ แต่ส่งงานไม่ตรงเวลา','D',null);
Insert into TDCS.TDCS2_EVA_SCORE_DEV (SC_SUBTOPIC_ID,MIN,MAX,DESCRIPTION,GRADE,EVASUBTOP_SUBTOPIC_ID) values ('S0006',0,0,'ไม่สามารถทำงานที่ได้รับมอบหมายได้','F',null);
Insert into TDCS.TDCS2_EVA_SCORE_DEV (SC_SUBTOPIC_ID,MIN,MAX,DESCRIPTION,GRADE,EVASUBTOP_SUBTOPIC_ID) values ('S0007',5,5,'มีการเก็บตัววัดคุณภาพ ประเมินการทำงาน และปรับปรุงกระบวนการทำงานให้ดีขึ้นอย่างสม่ำเสมอ','A',null);
Insert into TDCS.TDCS2_EVA_SCORE_DEV (SC_SUBTOPIC_ID,MIN,MAX,DESCRIPTION,GRADE,EVASUBTOP_SUBTOPIC_ID) values ('S0007',4,4,'มีการเก็บตัววัดคุณภาพ และประเมินการทำงานอย่างสม่ำเสมอ','B',null);
Insert into TDCS.TDCS2_EVA_SCORE_DEV (SC_SUBTOPIC_ID,MIN,MAX,DESCRIPTION,GRADE,EVASUBTOP_SUBTOPIC_ID) values ('S0007',3,3,'มีการเก็บตัววัดคุณภาพ และตรวจสอบความครบถ้วนถูกต้องอย่างสม่ำเสมอ','C',null);
Insert into TDCS.TDCS2_EVA_SCORE_DEV (SC_SUBTOPIC_ID,MIN,MAX,DESCRIPTION,GRADE,EVASUBTOP_SUBTOPIC_ID) values ('S0007',2,2,'มีการเก็บตัววัดคุณภาพ แต่ไม่ได้ตรวจสอบความครบถ้วนถูกต้อง','D',null);
Insert into TDCS.TDCS2_EVA_SCORE_DEV (SC_SUBTOPIC_ID,MIN,MAX,DESCRIPTION,GRADE,EVASUBTOP_SUBTOPIC_ID) values ('S0007',0,0,'ไม่มีการเก็บตัววัดคุณภาพ','F',null);
Insert into TDCS.TDCS2_EVA_SCORE_DEV (SC_SUBTOPIC_ID,MIN,MAX,DESCRIPTION,GRADE,EVASUBTOP_SUBTOPIC_ID) values ('S0008',5,5,'สามารถวางแผนสำหรับตนเอง และผู้ร่วมงานได้อย่างครบถ้วน ทำให้งานสามารถสำเร็จลุล่วงได้ด้วยดี','A',null);
REM INSERTING into TDCS.TDCS2_EVA_SUBTOPIC_BA
SET DEFINE OFF;
REM INSERTING into TDCS.TDCS2_EVA_SUBTOPIC_DEV
SET DEFINE OFF;
Insert into TDCS.TDCS2_EVA_SUBTOPIC_DEV (SUBTOPIC_ID,SUBTOPIC_NAME,TOPIC_ID,EVATIPICDEV_TOPIC_ID) values ('S0001','ความรับผิดชอบต่องานที่ได้รับมอบหมาย','T0001',null);
Insert into TDCS.TDCS2_EVA_SUBTOPIC_DEV (SUBTOPIC_ID,SUBTOPIC_NAME,TOPIC_ID,EVATIPICDEV_TOPIC_ID) values ('S0002','ความรับผิดชอบต่อองค์กร','T0001',null);
Insert into TDCS.TDCS2_EVA_SUBTOPIC_DEV (SUBTOPIC_ID,SUBTOPIC_NAME,TOPIC_ID,EVATIPICDEV_TOPIC_ID) values ('S0003','การเสนอแนวคิดที่มีประโยชน์ต่องาน','T0002',null);
Insert into TDCS.TDCS2_EVA_SUBTOPIC_DEV (SUBTOPIC_ID,SUBTOPIC_NAME,TOPIC_ID,EVATIPICDEV_TOPIC_ID) values ('S0004','สัมพันธภาพที่ดีกับบุคคลอื่น','T0003',null);
Insert into TDCS.TDCS2_EVA_SUBTOPIC_DEV (SUBTOPIC_ID,SUBTOPIC_NAME,TOPIC_ID,EVATIPICDEV_TOPIC_ID) values ('S0005','ข้อสอบวัดระดับความรู้เชิงธุรกิจ','T0004',null);
Insert into TDCS.TDCS2_EVA_SUBTOPIC_DEV (SUBTOPIC_ID,SUBTOPIC_NAME,TOPIC_ID,EVATIPICDEV_TOPIC_ID) values ('S0006','คุณภาพงาน','T0005',null);
Insert into TDCS.TDCS2_EVA_SUBTOPIC_DEV (SUBTOPIC_ID,SUBTOPIC_NAME,TOPIC_ID,EVATIPICDEV_TOPIC_ID) values ('S0007','การปรับปรุงคุณภาพงาน','T0005',null);
Insert into TDCS.TDCS2_EVA_SUBTOPIC_DEV (SUBTOPIC_ID,SUBTOPIC_NAME,TOPIC_ID,EVATIPICDEV_TOPIC_ID) values ('S0008','การวางแผน','T0006',null);
Insert into TDCS.TDCS2_EVA_SUBTOPIC_DEV (SUBTOPIC_ID,SUBTOPIC_NAME,TOPIC_ID,EVATIPICDEV_TOPIC_ID) values ('S0009','การประเมินความเสี่ยง และการจัดการกับปัญหา','T0006',null);
Insert into TDCS.TDCS2_EVA_SUBTOPIC_DEV (SUBTOPIC_ID,SUBTOPIC_NAME,TOPIC_ID,EVATIPICDEV_TOPIC_ID) values ('S0010','เป็นผู้มีเหตุผล ยอมรับฟังความคิดเห็นของคนอื่น','T0003',null);
Insert into TDCS.TDCS2_EVA_SUBTOPIC_DEV (SUBTOPIC_ID,SUBTOPIC_NAME,TOPIC_ID,EVATIPICDEV_TOPIC_ID) values ('S0011','การพัฒนาความรู้ที่เกี่ยวข้องกับงาน','T0007',null);
Insert into TDCS.TDCS2_EVA_SUBTOPIC_DEV (SUBTOPIC_ID,SUBTOPIC_NAME,TOPIC_ID,EVATIPICDEV_TOPIC_ID) values ('S0012','เวลาการเข้าทำงาน','T0008',null);
Insert into TDCS.TDCS2_EVA_SUBTOPIC_DEV (SUBTOPIC_ID,SUBTOPIC_NAME,TOPIC_ID,EVATIPICDEV_TOPIC_ID) values ('S0013','กฎระเบียบการลา','T0008',null);
Insert into TDCS.TDCS2_EVA_SUBTOPIC_DEV (SUBTOPIC_ID,SUBTOPIC_NAME,TOPIC_ID,EVATIPICDEV_TOPIC_ID) values ('S0014','การแต่งกาย','T0008',null);
REM INSERTING into TDCS.TDCS2_EVA_TOPIC_DEV
SET DEFINE OFF;
Insert into TDCS.TDCS2_EVA_TOPIC_DEV (TOPIC_ID,TOPIC_NAME) values ('T0001','ความรับผิดชอบ');
Insert into TDCS.TDCS2_EVA_TOPIC_DEV (TOPIC_ID,TOPIC_NAME) values ('T0002','ความคิดริเริ่ม');
Insert into TDCS.TDCS2_EVA_TOPIC_DEV (TOPIC_ID,TOPIC_NAME) values ('T0003','การประสานงาน');
Insert into TDCS.TDCS2_EVA_TOPIC_DEV (TOPIC_ID,TOPIC_NAME) values ('T0004','ความรู้พื้นฐานเชิงธุรกิจ');
Insert into TDCS.TDCS2_EVA_TOPIC_DEV (TOPIC_ID,TOPIC_NAME) values ('T0005','คุณภาพงาน');
Insert into TDCS.TDCS2_EVA_TOPIC_DEV (TOPIC_ID,TOPIC_NAME) values ('T0006','การวางแผนและการควบคุมงาน');
Insert into TDCS.TDCS2_EVA_TOPIC_DEV (TOPIC_ID,TOPIC_NAME) values ('T0007','ความรอบรู้');
Insert into TDCS.TDCS2_EVA_TOPIC_DEV (TOPIC_ID,TOPIC_NAME) values ('T0008','ระเบียบวินัย');
REM INSERTING into TDCS.TDCS2_SHOW_GRADE
SET DEFINE OFF;
REM INSERTING into TDCS.TDCS2_STAFF
SET DEFINE OFF;
Insert into TDCS.TDCS2_STAFF (T_FIRSTNAME,T_LASTNAME,NICK_NAME,SKYPE,JOBS,EMAIL_1,TEL_1,USERNAME,PASSWORD,E_FIRSTNAME,E_LASTNAME,TEAM,COMPANY,DEPARTMENT,ADDRESS,START_WORK,TEL_2,EMAIL_2,IMAGE,BIRTHDATE,STAFF_ID) values ('พัชริน','ทองคำ','ริน','patcharin','developer','patcharin@gmail.com','0834444444','staff-0001','password','patcharin','tongkum','พี่ตี๋','softsqua group 1999re','RMS','111/299 rungsit patumtanee',to_date('03-OCT-11','DD-MON-RR'),'0804444444','patcharin@hotmail.com','0004.jpg',to_date('29-OCT-87','DD-MON-RR'),'10000');
Insert into TDCS.TDCS2_STAFF (T_FIRSTNAME,T_LASTNAME,NICK_NAME,SKYPE,JOBS,EMAIL_1,TEL_1,USERNAME,PASSWORD,E_FIRSTNAME,E_LASTNAME,TEAM,COMPANY,DEPARTMENT,ADDRESS,START_WORK,TEL_2,EMAIL_2,IMAGE,BIRTHDATE,STAFF_ID) values ('ธนัฐตา','สวยเสมอ','นิค','tanit','business analysis','tanit@hotmail.com','0888888888','staff-0002','password','thanita','soysmer','พี่ตี๋','softsquare group','RMS','1111/333',to_date('20-NOV-12','DD-MON-RR'),'0900000000','tanita@gmail.com','001.jpg',to_date('20-NOV-91','DD-MON-RR'),'10001');
REM INSERTING into TDCS.TDCS2_STUDENT
SET DEFINE OFF;
Insert into TDCS.TDCS2_STUDENT (USERNAME,PASSWORD,NICKNAME,BIRTHDATE,ADDRESS,SKYPE,GRADE,JOBS,PERRIOD_START,PERRIOD_END,AGE,STATUS,UNI_NAME,CAMPUS,FACULTY,MAJOR,IMAGE,STUDENT_ID,T_NAME,E_NAME,TEL_1,TEL_2,EMAIL_1,EMAIL_2,CATEGORY,STAFF_ID) values ('its-0000','12345','sha',to_date('05-MAR-94','DD-MON-RR'),'4445 igfigfi','shoa',3.99,'business analysis trainee',to_date('05-MAR-14','DD-MON-RR'),to_date('16-JUN-14','DD-MON-RR'),20,'0','กรุงเทพ',null,'เทคโนโลยีสารสนเทศ','วิทยาการคอมพิวเตอร์',null,'5700005','สหภาพ ยุโรป','sahapap yurop','0843344444','0855555555','shoa@hotmail.com','shoa@gmail.com',null,'10000');
Insert into TDCS.TDCS2_STUDENT (USERNAME,PASSWORD,NICKNAME,BIRTHDATE,ADDRESS,SKYPE,GRADE,JOBS,PERRIOD_START,PERRIOD_END,AGE,STATUS,UNI_NAME,CAMPUS,FACULTY,MAJOR,IMAGE,STUDENT_ID,T_NAME,E_NAME,TEL_1,TEL_2,EMAIL_1,EMAIL_2,CATEGORY,STAFF_ID) values ('its-6666','6666','เต๋า',to_date('02-MAR-95','DD-MON-RR'),'111 dgjk','somchai',3.13,'developer trainee',to_date('17-JUN-14','DD-MON-RR'),to_date('05-DEC-14','DD-MON-RR'),19,'0','รามคำแหง',null,'เทคโนโลยีสารสนเทศ','วิศวกรรมซอฟต์แวร์',null,'5700007','สมชาย เข็มกุด','somchai kemkud','0883848584','0899999999','somchai@gmail.com','somchai@hotmail.com',null,null);
Insert into TDCS.TDCS2_STUDENT (USERNAME,PASSWORD,NICKNAME,BIRTHDATE,ADDRESS,SKYPE,GRADE,JOBS,PERRIOD_START,PERRIOD_END,AGE,STATUS,UNI_NAME,CAMPUS,FACULTY,MAJOR,IMAGE,STUDENT_ID,T_NAME,E_NAME,TEL_1,TEL_2,EMAIL_1,EMAIL_2,CATEGORY,STAFF_ID) values ('its-7777','7777','ddlaskfj',to_date('02-MAR-90','DD-MON-RR'),'asdfsda','dfsgdfsg',3,'developer trainee',to_date('02-MAR-14','DD-MON-RR'),to_date('02-MAY-14','DD-MON-RR'),24,'0','sddjfalk',null,'dsfajlk','sdfajlk',null,'5700008','asdfjl','dfjlkasdf','33453425','23452345','dfgsdfg','sdfgdfsg',null,'10001');
Insert into TDCS.TDCS2_STUDENT (USERNAME,PASSWORD,NICKNAME,BIRTHDATE,ADDRESS,SKYPE,GRADE,JOBS,PERRIOD_START,PERRIOD_END,AGE,STATUS,UNI_NAME,CAMPUS,FACULTY,MAJOR,IMAGE,STUDENT_ID,T_NAME,E_NAME,TEL_1,TEL_2,EMAIL_1,EMAIL_2,CATEGORY,STAFF_ID) values ('its-070','12345','som',to_date('02-MAR-92','DD-MON-RR'),'111/388 ดอนเมือง กรุงเทพฯ','sompol_01',3,'developer trainee',to_date('18-AUG-14','DD-MON-RR'),to_date('04-DEC-14','DD-MON-RR'),22,'0','ราชมงคงธัญญะ',null,'เทคโนโลยีสารสนเทศ','วิทยาการคอม',null,'5700006','สมพร เจิรญวงศ์','sompol jarernwong','0804958694','029586695','sompol@gmail.com','sompol@hotmail.com',null,'10000');
Insert into TDCS.TDCS2_STUDENT (USERNAME,PASSWORD,NICKNAME,BIRTHDATE,ADDRESS,SKYPE,GRADE,JOBS,PERRIOD_START,PERRIOD_END,AGE,STATUS,UNI_NAME,CAMPUS,FACULTY,MAJOR,IMAGE,STUDENT_ID,T_NAME,E_NAME,TEL_1,TEL_2,EMAIL_1,EMAIL_2,CATEGORY,STAFF_ID) values ('its-005','11111','ตู๋',to_date('02-MAR-91','DD-MON-RR'),'111111','sompong',3.24,'business analysis trainee',to_date('06-AUG-14','DD-MON-RR'),to_date('26-DEC-14','DD-MON-RR'),23,'0','สุโขทัยธรรมมาธิราช',null,'เทคโนโลยีสารสนเทศ','วิทยาการคอมพิมเตอร์',null,'5700003','สมปอง รักดี','sompong rukdee','0888888888','0900000000','sompong@gmail.coom','sompong@hotmail.com',null,'10000');
Insert into TDCS.TDCS2_STUDENT (USERNAME,PASSWORD,NICKNAME,BIRTHDATE,ADDRESS,SKYPE,GRADE,JOBS,PERRIOD_START,PERRIOD_END,AGE,STATUS,UNI_NAME,CAMPUS,FACULTY,MAJOR,IMAGE,STUDENT_ID,T_NAME,E_NAME,TEL_1,TEL_2,EMAIL_1,EMAIL_2,CATEGORY,STAFF_ID) values ('its-007','03022533','nee',to_date('02-MAR-95','DD-MON-RR'),'43444','kor',3.88,'business analysis trainee',to_date('05-FEB-15','DD-MON-RR'),to_date('08-FEB-15','DD-MON-RR'),19,'0','รามคำแหง',null,'เทคโนโลยีสารสนเทศ','วิศกรรมโยธา',null,'5700004','กรณี นี้','koranee nee','0888888888','080000000','kor@hotmail.com','kor@gmail.com',null,'10001');
Insert into TDCS.TDCS2_STUDENT (USERNAME,PASSWORD,NICKNAME,BIRTHDATE,ADDRESS,SKYPE,GRADE,JOBS,PERRIOD_START,PERRIOD_END,AGE,STATUS,UNI_NAME,CAMPUS,FACULTY,MAJOR,IMAGE,STUDENT_ID,T_NAME,E_NAME,TEL_1,TEL_2,EMAIL_1,EMAIL_2,CATEGORY,STAFF_ID) values ('its-001','password','ball',to_date('03-FEB-91','DD-MON-RR'),'111/388 donmaung bangkok 10210','yosOmega',3.75,'developer',to_date('13-AUG-14','DD-MON-RR'),to_date('04-DEC-14','DD-MON-RR'),23,'0','ศรีปทุม','บางเขน','เทคโนโลยีสารสนเทศ','วิศวกรรมซอฟต์แวร์','001.jpg','5700000','ยศศิริ  จุลเหลา','yossiri jullhao','0833333333','0844444444','yossiri@homail.com','yossiri@gmail.com','ฝึกสหกิจ','10000');
Insert into TDCS.TDCS2_STUDENT (USERNAME,PASSWORD,NICKNAME,BIRTHDATE,ADDRESS,SKYPE,GRADE,JOBS,PERRIOD_START,PERRIOD_END,AGE,STATUS,UNI_NAME,CAMPUS,FACULTY,MAJOR,IMAGE,STUDENT_ID,T_NAME,E_NAME,TEL_1,TEL_2,EMAIL_1,EMAIL_2,CATEGORY,STAFF_ID) values ('its-002','password','teh',to_date('05-OCT-93','DD-MON-RR'),'333/545 seegun bangkok 10323','teh',4,'business analysis',to_date('13-AUG-14','DD-MON-RR'),to_date('04-DEC-14','DD-MON-RR'),22,'0','จุฬาลงกรณ์','ปทุมวัน','แพทย์ศาสตร์','ตรวจภายใน','002.jpg','5700001','คณพล พุกรอด','kanapol pookrod','0855555555','0086666666','kanapol@hotmail.com','kanapol@gmail.com','ฝึกสหกิจ','10001');
Insert into TDCS.TDCS2_STUDENT (USERNAME,PASSWORD,NICKNAME,BIRTHDATE,ADDRESS,SKYPE,GRADE,JOBS,PERRIOD_START,PERRIOD_END,AGE,STATUS,UNI_NAME,CAMPUS,FACULTY,MAJOR,IMAGE,STUDENT_ID,T_NAME,E_NAME,TEL_1,TEL_2,EMAIL_1,EMAIL_2,CATEGORY,STAFF_ID) values ('its-003','password','tao',to_date('19-JUL-90','DD-MON-RR'),'333/12123','tao',2.74,'developer',to_date('11-JUL-14','DD-MON-RR'),to_date('01-DEC-14','DD-MON-RR'),20,'0','ราชมงคลธัญบุรี','คลองหก','มัลติมิเดียร์','กราฟฟิค','003.jpg','5700002','สมชาย เข็มกัด','somchai kemkud','08777777','0029999999','chomchai@hotmail.com','chomchai@gmail.com','ฝึกงานซัมเมอร์','10000');
--------------------------------------------------------
--  DDL for Index JHRM_APPRENTICE_PK
--------------------------------------------------------

  CREATE UNIQUE INDEX "TDCS"."JHRM_APPRENTICE_PK" ON "TDCS"."TDCS_APPRENTICE" ("APT_ID") 
  PCTFREE 10 INITRANS 2 MAXTRANS 255 COMPUTE STATISTICS 
  STORAGE(INITIAL 65536 NEXT 1048576 MINEXTENTS 1 MAXEXTENTS 2147483645
  PCTINCREASE 0 FREELISTS 1 FREELIST GROUPS 1 BUFFER_POOL DEFAULT FLASH_CACHE DEFAULT CELL_FLASH_CACHE DEFAULT)
  TABLESPACE "USERS" ;
--------------------------------------------------------
--  DDL for Index TDCS_CATEGORIES_PK
--------------------------------------------------------

  CREATE UNIQUE INDEX "TDCS"."TDCS_CATEGORIES_PK" ON "TDCS"."TDCS_CATEGORIES" ("CATEGORY_ID") 
  PCTFREE 10 INITRANS 2 MAXTRANS 255 COMPUTE STATISTICS 
  STORAGE(INITIAL 65536 NEXT 1048576 MINEXTENTS 1 MAXEXTENTS 2147483645
  PCTINCREASE 0 FREELISTS 1 FREELIST GROUPS 1 BUFFER_POOL DEFAULT FLASH_CACHE DEFAULT CELL_FLASH_CACHE DEFAULT)
  TABLESPACE "USERS" ;
--------------------------------------------------------
--  DDL for Index SYS_C00558296
--------------------------------------------------------

  CREATE UNIQUE INDEX "TDCS"."SYS_C00558296" ON "TDCS"."TDCS_CHOICES" ("CHOICE_ID") 
  PCTFREE 10 INITRANS 2 MAXTRANS 255 COMPUTE STATISTICS 
  STORAGE(INITIAL 65536 NEXT 1048576 MINEXTENTS 1 MAXEXTENTS 2147483645
  PCTINCREASE 0 FREELISTS 1 FREELIST GROUPS 1 BUFFER_POOL DEFAULT FLASH_CACHE DEFAULT CELL_FLASH_CACHE DEFAULT)
  TABLESPACE "USERS" ;
--------------------------------------------------------
--  DDL for Index JHRM_COMPANY_PK
--------------------------------------------------------

  CREATE UNIQUE INDEX "TDCS"."JHRM_COMPANY_PK" ON "TDCS"."TDCS_COMPANY" ("COMP_ID") 
  PCTFREE 10 INITRANS 2 MAXTRANS 255 COMPUTE STATISTICS 
  STORAGE(INITIAL 65536 NEXT 1048576 MINEXTENTS 1 MAXEXTENTS 2147483645
  PCTINCREASE 0 FREELISTS 1 FREELIST GROUPS 1 BUFFER_POOL DEFAULT FLASH_CACHE DEFAULT CELL_FLASH_CACHE DEFAULT)
  TABLESPACE "USERS" ;
--------------------------------------------------------
--  DDL for Index JHRM_DISCRIPTION_PK
--------------------------------------------------------

  CREATE UNIQUE INDEX "TDCS"."JHRM_DISCRIPTION_PK" ON "TDCS"."TDCS_DESCRIPTION" ("DESC_ID") 
  PCTFREE 10 INITRANS 2 MAXTRANS 255 COMPUTE STATISTICS 
  STORAGE(INITIAL 65536 NEXT 1048576 MINEXTENTS 1 MAXEXTENTS 2147483645
  PCTINCREASE 0 FREELISTS 1 FREELIST GROUPS 1 BUFFER_POOL DEFAULT FLASH_CACHE DEFAULT CELL_FLASH_CACHE DEFAULT)
  TABLESPACE "USERS" ;
--------------------------------------------------------
--  DDL for Index SYS_C00558286
--------------------------------------------------------

  CREATE UNIQUE INDEX "TDCS"."SYS_C00558286" ON "TDCS"."TDCS_DIFFICULTIES" ("DIFFICULTY_LEVEL") 
  PCTFREE 10 INITRANS 2 MAXTRANS 255 COMPUTE STATISTICS 
  STORAGE(INITIAL 65536 NEXT 1048576 MINEXTENTS 1 MAXEXTENTS 2147483645
  PCTINCREASE 0 FREELISTS 1 FREELIST GROUPS 1 BUFFER_POOL DEFAULT FLASH_CACHE DEFAULT CELL_FLASH_CACHE DEFAULT)
  TABLESPACE "USERS" ;
--------------------------------------------------------
--  DDL for Index JHRM_EVALUATE_PK
--------------------------------------------------------

  CREATE UNIQUE INDEX "TDCS"."JHRM_EVALUATE_PK" ON "TDCS"."TDCS_EVALUATE" ("EVA_ID") 
  PCTFREE 10 INITRANS 2 MAXTRANS 255 COMPUTE STATISTICS 
  STORAGE(INITIAL 65536 NEXT 1048576 MINEXTENTS 1 MAXEXTENTS 2147483645
  PCTINCREASE 0 FREELISTS 1 FREELIST GROUPS 1 BUFFER_POOL DEFAULT FLASH_CACHE DEFAULT CELL_FLASH_CACHE DEFAULT)
  TABLESPACE "USERS" ;
--------------------------------------------------------
--  DDL for Index TDCS_EXAM_ANSWER_RECORDS_PK
--------------------------------------------------------

  CREATE UNIQUE INDEX "TDCS"."TDCS_EXAM_ANSWER_RECORDS_PK" ON "TDCS"."TDCS_EXAM_ANSWER_RECORDS" ("ANSWER_RECORD_ID") 
  PCTFREE 10 INITRANS 2 MAXTRANS 255 COMPUTE STATISTICS 
  STORAGE(INITIAL 65536 NEXT 1048576 MINEXTENTS 1 MAXEXTENTS 2147483645
  PCTINCREASE 0 FREELISTS 1 FREELIST GROUPS 1 BUFFER_POOL DEFAULT FLASH_CACHE DEFAULT CELL_FLASH_CACHE DEFAULT)
  TABLESPACE "USERS" ;
--------------------------------------------------------
--  DDL for Index TDCS_EXAM_MARKING_RECORD_PK
--------------------------------------------------------

  CREATE UNIQUE INDEX "TDCS"."TDCS_EXAM_MARKING_RECORD_PK" ON "TDCS"."TDCS_EXAM_MARKING_RECORD" ("MARKING_RECORD_ID") 
  PCTFREE 10 INITRANS 2 MAXTRANS 255 COMPUTE STATISTICS 
  STORAGE(INITIAL 65536 NEXT 1048576 MINEXTENTS 1 MAXEXTENTS 2147483645
  PCTINCREASE 0 FREELISTS 1 FREELIST GROUPS 1 BUFFER_POOL DEFAULT FLASH_CACHE DEFAULT CELL_FLASH_CACHE DEFAULT)
  TABLESPACE "USERS" ;
--------------------------------------------------------
--  DDL for Index SYS_C00558294
--------------------------------------------------------

  CREATE UNIQUE INDEX "TDCS"."SYS_C00558294" ON "TDCS"."TDCS_EXAM_PAPERS" ("PAPER_ID") 
  PCTFREE 10 INITRANS 2 MAXTRANS 255 COMPUTE STATISTICS 
  STORAGE(INITIAL 65536 NEXT 1048576 MINEXTENTS 1 MAXEXTENTS 2147483645
  PCTINCREASE 0 FREELISTS 1 FREELIST GROUPS 1 BUFFER_POOL DEFAULT FLASH_CACHE DEFAULT CELL_FLASH_CACHE DEFAULT)
  TABLESPACE "USERS" ;
--------------------------------------------------------
--  DDL for Index TDCS_EXAM_RECORD_PK
--------------------------------------------------------

  CREATE UNIQUE INDEX "TDCS"."TDCS_EXAM_RECORD_PK" ON "TDCS"."TDCS_EXAM_RECORDS" ("RECORD_ID") 
  PCTFREE 10 INITRANS 2 MAXTRANS 255 COMPUTE STATISTICS 
  STORAGE(INITIAL 65536 NEXT 1048576 MINEXTENTS 1 MAXEXTENTS 2147483645
  PCTINCREASE 0 FREELISTS 1 FREELIST GROUPS 1 BUFFER_POOL DEFAULT FLASH_CACHE DEFAULT CELL_FLASH_CACHE DEFAULT)
  TABLESPACE "USERS" ;
--------------------------------------------------------
--  DDL for Index TDCS_EXAM_RESULTS_PK
--------------------------------------------------------

  CREATE UNIQUE INDEX "TDCS"."TDCS_EXAM_RESULTS_PK" ON "TDCS"."TDCS_EXAM_RESULTS" ("RESULT_ID") 
  PCTFREE 10 INITRANS 2 MAXTRANS 255 COMPUTE STATISTICS 
  STORAGE(INITIAL 65536 NEXT 1048576 MINEXTENTS 1 MAXEXTENTS 2147483645
  PCTINCREASE 0 FREELISTS 1 FREELIST GROUPS 1 BUFFER_POOL DEFAULT FLASH_CACHE DEFAULT CELL_FLASH_CACHE DEFAULT)
  TABLESPACE "USERS" ;
--------------------------------------------------------
--  DDL for Index JHRM_FACUTY_PK
--------------------------------------------------------

  CREATE UNIQUE INDEX "TDCS"."JHRM_FACUTY_PK" ON "TDCS"."TDCS_FACULTY" ("FAC_ID") 
  PCTFREE 10 INITRANS 2 MAXTRANS 255 COMPUTE STATISTICS 
  STORAGE(INITIAL 65536 NEXT 1048576 MINEXTENTS 1 MAXEXTENTS 2147483645
  PCTINCREASE 0 FREELISTS 1 FREELIST GROUPS 1 BUFFER_POOL DEFAULT FLASH_CACHE DEFAULT CELL_FLASH_CACHE DEFAULT)
  TABLESPACE "USERS" ;
--------------------------------------------------------
--  DDL for Index JHRM_MAJOR_PK
--------------------------------------------------------

  CREATE UNIQUE INDEX "TDCS"."JHRM_MAJOR_PK" ON "TDCS"."TDCS_MAJOR" ("MAJ_ID") 
  PCTFREE 10 INITRANS 2 MAXTRANS 255 COMPUTE STATISTICS 
  STORAGE(INITIAL 65536 NEXT 1048576 MINEXTENTS 1 MAXEXTENTS 2147483645
  PCTINCREASE 0 FREELISTS 1 FREELIST GROUPS 1 BUFFER_POOL DEFAULT FLASH_CACHE DEFAULT CELL_FLASH_CACHE DEFAULT)
  TABLESPACE "USERS" ;
--------------------------------------------------------
--  DDL for Index SYS_C007504
--------------------------------------------------------

  CREATE UNIQUE INDEX "TDCS"."SYS_C007504" ON "TDCS"."TDCS_PAPER_GENERATE_TEMPLATE" ("ID") 
  PCTFREE 10 INITRANS 2 MAXTRANS 255 COMPUTE STATISTICS 
  STORAGE(INITIAL 65536 NEXT 1048576 MINEXTENTS 1 MAXEXTENTS 2147483645
  PCTINCREASE 0 FREELISTS 1 FREELIST GROUPS 1 BUFFER_POOL DEFAULT FLASH_CACHE DEFAULT CELL_FLASH_CACHE DEFAULT)
  TABLESPACE "SYSTEM" ;
--------------------------------------------------------
--  DDL for Index SYS_C00558293
--------------------------------------------------------

  CREATE UNIQUE INDEX "TDCS"."SYS_C00558293" ON "TDCS"."TDCS_PAPER_QUESTION" ("PAPER_ID", "QUESTION_ID") 
  PCTFREE 10 INITRANS 2 MAXTRANS 255 COMPUTE STATISTICS 
  STORAGE(INITIAL 65536 NEXT 1048576 MINEXTENTS 1 MAXEXTENTS 2147483645
  PCTINCREASE 0 FREELISTS 1 FREELIST GROUPS 1 BUFFER_POOL DEFAULT FLASH_CACHE DEFAULT CELL_FLASH_CACHE DEFAULT)
  TABLESPACE "USERS" ;
--------------------------------------------------------
--  DDL for Index TDCS_POSITION_PK
--------------------------------------------------------

  CREATE UNIQUE INDEX "TDCS"."TDCS_POSITION_PK" ON "TDCS"."TDCS_POSITION" ("POSI_ID") 
  PCTFREE 10 INITRANS 2 MAXTRANS 255 COMPUTE STATISTICS 
  STORAGE(INITIAL 65536 NEXT 1048576 MINEXTENTS 1 MAXEXTENTS 2147483645
  PCTINCREASE 0 FREELISTS 1 FREELIST GROUPS 1 BUFFER_POOL DEFAULT FLASH_CACHE DEFAULT CELL_FLASH_CACHE DEFAULT)
  TABLESPACE "USERS" ;
--------------------------------------------------------
--  DDL for Index SYS_C00558300
--------------------------------------------------------

  CREATE UNIQUE INDEX "TDCS"."SYS_C00558300" ON "TDCS"."TDCS_QUESTION_TYPE" ("QUESTION_TYPE_ID") 
  PCTFREE 10 INITRANS 2 MAXTRANS 255 COMPUTE STATISTICS 
  STORAGE(INITIAL 65536 NEXT 1048576 MINEXTENTS 1 MAXEXTENTS 2147483645
  PCTINCREASE 0 FREELISTS 1 FREELIST GROUPS 1 BUFFER_POOL DEFAULT FLASH_CACHE DEFAULT CELL_FLASH_CACHE DEFAULT)
  TABLESPACE "USERS" ;
--------------------------------------------------------
--  DDL for Index SYS_C00558290
--------------------------------------------------------

  CREATE UNIQUE INDEX "TDCS"."SYS_C00558290" ON "TDCS"."TDCS_QUESTIONS" ("QUESTION_ID") 
  PCTFREE 10 INITRANS 2 MAXTRANS 255 COMPUTE STATISTICS 
  STORAGE(INITIAL 65536 NEXT 1048576 MINEXTENTS 1 MAXEXTENTS 2147483645
  PCTINCREASE 0 FREELISTS 1 FREELIST GROUPS 1 BUFFER_POOL DEFAULT FLASH_CACHE DEFAULT CELL_FLASH_CACHE DEFAULT)
  TABLESPACE "USERS" ;
--------------------------------------------------------
--  DDL for Index JHRM_SECTION_PK
--------------------------------------------------------

  CREATE UNIQUE INDEX "TDCS"."JHRM_SECTION_PK" ON "TDCS"."TDCS_SECTION" ("SECTION_ID") 
  PCTFREE 10 INITRANS 2 MAXTRANS 255 COMPUTE STATISTICS 
  STORAGE(INITIAL 65536 NEXT 1048576 MINEXTENTS 1 MAXEXTENTS 2147483645
  PCTINCREASE 0 FREELISTS 1 FREELIST GROUPS 1 BUFFER_POOL DEFAULT FLASH_CACHE DEFAULT CELL_FLASH_CACHE DEFAULT)
  TABLESPACE "USERS" ;
--------------------------------------------------------
--  DDL for Index TDCS_SECTION_POSITION_PK
--------------------------------------------------------

  CREATE UNIQUE INDEX "TDCS"."TDCS_SECTION_POSITION_PK" ON "TDCS"."TDCS_SECTION_POSITION" ("SP_ID") 
  PCTFREE 10 INITRANS 2 MAXTRANS 255 COMPUTE STATISTICS 
  STORAGE(INITIAL 65536 NEXT 1048576 MINEXTENTS 1 MAXEXTENTS 2147483645
  PCTINCREASE 0 FREELISTS 1 FREELIST GROUPS 1 BUFFER_POOL DEFAULT FLASH_CACHE DEFAULT CELL_FLASH_CACHE DEFAULT)
  TABLESPACE "USERS" ;
--------------------------------------------------------
--  DDL for Index TDCS_STATUS_PK
--------------------------------------------------------

  CREATE UNIQUE INDEX "TDCS"."TDCS_STATUS_PK" ON "TDCS"."TDCS_STATUS" ("STATUS_ID") 
  PCTFREE 10 INITRANS 2 MAXTRANS 255 COMPUTE STATISTICS 
  STORAGE(INITIAL 65536 NEXT 1048576 MINEXTENTS 1 MAXEXTENTS 2147483645
  PCTINCREASE 0 FREELISTS 1 FREELIST GROUPS 1 BUFFER_POOL DEFAULT FLASH_CACHE DEFAULT CELL_FLASH_CACHE DEFAULT)
  TABLESPACE "USERS" ;
--------------------------------------------------------
--  DDL for Index SYS_C00558283
--------------------------------------------------------

  CREATE UNIQUE INDEX "TDCS"."SYS_C00558283" ON "TDCS"."TDCS_SUB_CATEGORIES" ("SUB_CATEGORY_ID") 
  PCTFREE 10 INITRANS 2 MAXTRANS 255 COMPUTE STATISTICS 
  STORAGE(INITIAL 65536 NEXT 1048576 MINEXTENTS 1 MAXEXTENTS 2147483645
  PCTINCREASE 0 FREELISTS 1 FREELIST GROUPS 1 BUFFER_POOL DEFAULT FLASH_CACHE DEFAULT CELL_FLASH_CACHE DEFAULT)
  TABLESPACE "USERS" ;
--------------------------------------------------------
--  DDL for Index TDCS_SUB_CATEGORIES_UK1
--------------------------------------------------------

  CREATE UNIQUE INDEX "TDCS"."TDCS_SUB_CATEGORIES_UK1" ON "TDCS"."TDCS_SUB_CATEGORIES" ("CATEGORY_ID", "SUB_CATEGORY_NAME") 
  PCTFREE 10 INITRANS 2 MAXTRANS 255 COMPUTE STATISTICS 
  STORAGE(INITIAL 65536 NEXT 1048576 MINEXTENTS 1 MAXEXTENTS 2147483645
  PCTINCREASE 0 FREELISTS 1 FREELIST GROUPS 1 BUFFER_POOL DEFAULT FLASH_CACHE DEFAULT CELL_FLASH_CACHE DEFAULT)
  TABLESPACE "USERS" ;
--------------------------------------------------------
--  DDL for Index JHRM_SUBTOPIC_PK
--------------------------------------------------------

  CREATE UNIQUE INDEX "TDCS"."JHRM_SUBTOPIC_PK" ON "TDCS"."TDCS_SUBTOPIC" ("SUB_ID") 
  PCTFREE 10 INITRANS 2 MAXTRANS 255 COMPUTE STATISTICS 
  STORAGE(INITIAL 65536 NEXT 1048576 MINEXTENTS 1 MAXEXTENTS 2147483645
  PCTINCREASE 0 FREELISTS 1 FREELIST GROUPS 1 BUFFER_POOL DEFAULT FLASH_CACHE DEFAULT CELL_FLASH_CACHE DEFAULT)
  TABLESPACE "USERS" ;
--------------------------------------------------------
--  DDL for Index JHRM_TEAM_PK
--------------------------------------------------------

  CREATE UNIQUE INDEX "TDCS"."JHRM_TEAM_PK" ON "TDCS"."TDCS_TEAM" ("TEAM_ID") 
  PCTFREE 10 INITRANS 2 MAXTRANS 255 COMPUTE STATISTICS 
  STORAGE(INITIAL 65536 NEXT 1048576 MINEXTENTS 1 MAXEXTENTS 2147483645
  PCTINCREASE 0 FREELISTS 1 FREELIST GROUPS 1 BUFFER_POOL DEFAULT FLASH_CACHE DEFAULT CELL_FLASH_CACHE DEFAULT)
  TABLESPACE "USERS" ;
--------------------------------------------------------
--  DDL for Index JHRM_TOPIC_PK
--------------------------------------------------------

  CREATE UNIQUE INDEX "TDCS"."JHRM_TOPIC_PK" ON "TDCS"."TDCS_TOPIC" ("TOPIC_ID") 
  PCTFREE 10 INITRANS 2 MAXTRANS 255 COMPUTE STATISTICS 
  STORAGE(INITIAL 65536 NEXT 1048576 MINEXTENTS 1 MAXEXTENTS 2147483645
  PCTINCREASE 0 FREELISTS 1 FREELIST GROUPS 1 BUFFER_POOL DEFAULT FLASH_CACHE DEFAULT CELL_FLASH_CACHE DEFAULT)
  TABLESPACE "USERS" ;
--------------------------------------------------------
--  DDL for Index JHRM_UNIVERSITY_PK
--------------------------------------------------------

  CREATE UNIQUE INDEX "TDCS"."JHRM_UNIVERSITY_PK" ON "TDCS"."TDCS_UNIVERSITY" ("UNI_ID") 
  PCTFREE 10 INITRANS 2 MAXTRANS 255 COMPUTE STATISTICS 
  STORAGE(INITIAL 65536 NEXT 1048576 MINEXTENTS 1 MAXEXTENTS 2147483645
  PCTINCREASE 0 FREELISTS 1 FREELIST GROUPS 1 BUFFER_POOL DEFAULT FLASH_CACHE DEFAULT CELL_FLASH_CACHE DEFAULT)
  TABLESPACE "USERS" ;
--------------------------------------------------------
--  DDL for Index TDCS_UNIVERSITY_FACUTY_PK
--------------------------------------------------------

  CREATE UNIQUE INDEX "TDCS"."TDCS_UNIVERSITY_FACUTY_PK" ON "TDCS"."TDCS_UNIVERSITY_FACULTY" ("UNI_FAC_ID") 
  PCTFREE 10 INITRANS 2 MAXTRANS 255 COMPUTE STATISTICS 
  STORAGE(INITIAL 65536 NEXT 1048576 MINEXTENTS 1 MAXEXTENTS 2147483645
  PCTINCREASE 0 FREELISTS 1 FREELIST GROUPS 1 BUFFER_POOL DEFAULT FLASH_CACHE DEFAULT CELL_FLASH_CACHE DEFAULT)
  TABLESPACE "USERS" ;
--------------------------------------------------------
--  DDL for Index TDCS_UNIVERSITY_FACULTY_M_PK
--------------------------------------------------------

  CREATE UNIQUE INDEX "TDCS"."TDCS_UNIVERSITY_FACULTY_M_PK" ON "TDCS"."TDCS_UNIVERSITY_FACULTY_MAJOR" ("UNI_FAC_MAJ_ID") 
  PCTFREE 10 INITRANS 2 MAXTRANS 255 COMPUTE STATISTICS 
  STORAGE(INITIAL 65536 NEXT 1048576 MINEXTENTS 1 MAXEXTENTS 2147483645
  PCTINCREASE 0 FREELISTS 1 FREELIST GROUPS 1 BUFFER_POOL DEFAULT FLASH_CACHE DEFAULT CELL_FLASH_CACHE DEFAULT)
  TABLESPACE "USERS" ;
--------------------------------------------------------
--  DDL for Index JHRM_USER_PK
--------------------------------------------------------

  CREATE UNIQUE INDEX "TDCS"."JHRM_USER_PK" ON "TDCS"."TDCS_USER" ("USER_ID") 
  PCTFREE 10 INITRANS 2 MAXTRANS 255 COMPUTE STATISTICS 
  STORAGE(INITIAL 65536 NEXT 1048576 MINEXTENTS 1 MAXEXTENTS 2147483645
  PCTINCREASE 0 FREELISTS 1 FREELIST GROUPS 1 BUFFER_POOL DEFAULT FLASH_CACHE DEFAULT CELL_FLASH_CACHE DEFAULT)
  TABLESPACE "USERS" ;
--------------------------------------------------------
--  DDL for Index SYS_C008201
--------------------------------------------------------

  CREATE UNIQUE INDEX "TDCS"."SYS_C008201" ON "TDCS"."TDCS_USERS_PAPERS" ("USER_ID") 
  PCTFREE 10 INITRANS 2 MAXTRANS 255 COMPUTE STATISTICS 
  STORAGE(INITIAL 65536 NEXT 1048576 MINEXTENTS 1 MAXEXTENTS 2147483645
  PCTINCREASE 0 FREELISTS 1 FREELIST GROUPS 1 BUFFER_POOL DEFAULT FLASH_CACHE DEFAULT CELL_FLASH_CACHE DEFAULT)
  TABLESPACE "SYSTEM" ;
--------------------------------------------------------
--  DDL for Index TDCS_EVALUATION_BA_PK
--------------------------------------------------------

  CREATE UNIQUE INDEX "TDCS"."TDCS_EVALUATION_BA_PK" ON "TDCS"."TDCS2_EVA_BA" ("STUDENT_ID") 
  PCTFREE 10 INITRANS 2 MAXTRANS 255 COMPUTE STATISTICS 
  STORAGE(INITIAL 65536 NEXT 1048576 MINEXTENTS 1 MAXEXTENTS 2147483645
  PCTINCREASE 0 FREELISTS 1 FREELIST GROUPS 1 BUFFER_POOL DEFAULT FLASH_CACHE DEFAULT CELL_FLASH_CACHE DEFAULT)
  TABLESPACE "USERS" ;
--------------------------------------------------------
--  DDL for Index TDCS_EVA_SUBTOPIC_BA_PK
--------------------------------------------------------

  CREATE UNIQUE INDEX "TDCS"."TDCS_EVA_SUBTOPIC_BA_PK" ON "TDCS"."TDCS2_EVA_SUBTOPIC_BA" ("SUBTOPIC") 
  PCTFREE 10 INITRANS 2 MAXTRANS 255 COMPUTE STATISTICS 
  STORAGE(INITIAL 65536 NEXT 1048576 MINEXTENTS 1 MAXEXTENTS 2147483645
  PCTINCREASE 0 FREELISTS 1 FREELIST GROUPS 1 BUFFER_POOL DEFAULT FLASH_CACHE DEFAULT CELL_FLASH_CACHE DEFAULT)
  TABLESPACE "USERS" ;
--------------------------------------------------------
--  DDL for Index TDCS_EVA_SUBTOPIC_DEV_PK
--------------------------------------------------------

  CREATE UNIQUE INDEX "TDCS"."TDCS_EVA_SUBTOPIC_DEV_PK" ON "TDCS"."TDCS2_EVA_SUBTOPIC_DEV" ("SUBTOPIC_ID") 
  PCTFREE 10 INITRANS 2 MAXTRANS 255 COMPUTE STATISTICS 
  STORAGE(INITIAL 65536 NEXT 1048576 MINEXTENTS 1 MAXEXTENTS 2147483645
  PCTINCREASE 0 FREELISTS 1 FREELIST GROUPS 1 BUFFER_POOL DEFAULT FLASH_CACHE DEFAULT CELL_FLASH_CACHE DEFAULT)
  TABLESPACE "USERS" ;
--------------------------------------------------------
--  DDL for Index TDCS_EVA_TOPIC_DEV_PK
--------------------------------------------------------

  CREATE UNIQUE INDEX "TDCS"."TDCS_EVA_TOPIC_DEV_PK" ON "TDCS"."TDCS2_EVA_TOPIC_DEV" ("TOPIC_ID") 
  PCTFREE 10 INITRANS 2 MAXTRANS 255 COMPUTE STATISTICS 
  STORAGE(INITIAL 65536 NEXT 1048576 MINEXTENTS 1 MAXEXTENTS 2147483645
  PCTINCREASE 0 FREELISTS 1 FREELIST GROUPS 1 BUFFER_POOL DEFAULT FLASH_CACHE DEFAULT CELL_FLASH_CACHE DEFAULT)
  TABLESPACE "USERS" ;
--------------------------------------------------------
--  DDL for Index TDCS_SHOW_GRADE_PK
--------------------------------------------------------

  CREATE UNIQUE INDEX "TDCS"."TDCS_SHOW_GRADE_PK" ON "TDCS"."TDCS2_SHOW_GRADE" ("STUDENT_ID") 
  PCTFREE 10 INITRANS 2 MAXTRANS 255 COMPUTE STATISTICS 
  STORAGE(INITIAL 65536 NEXT 1048576 MINEXTENTS 1 MAXEXTENTS 2147483645
  PCTINCREASE 0 FREELISTS 1 FREELIST GROUPS 1 BUFFER_POOL DEFAULT FLASH_CACHE DEFAULT CELL_FLASH_CACHE DEFAULT)
  TABLESPACE "USERS" ;
--------------------------------------------------------
--  DDL for Index TDCS_STAFF_UK1
--------------------------------------------------------

  CREATE UNIQUE INDEX "TDCS"."TDCS_STAFF_UK1" ON "TDCS"."TDCS2_STAFF" ("USERNAME") 
  PCTFREE 10 INITRANS 2 MAXTRANS 255 COMPUTE STATISTICS 
  STORAGE(INITIAL 65536 NEXT 1048576 MINEXTENTS 1 MAXEXTENTS 2147483645
  PCTINCREASE 0 FREELISTS 1 FREELIST GROUPS 1 BUFFER_POOL DEFAULT FLASH_CACHE DEFAULT CELL_FLASH_CACHE DEFAULT)
  TABLESPACE "USERS" ;
--------------------------------------------------------
--  DDL for Index TDCS_STUDENT_UK1
--------------------------------------------------------

  CREATE UNIQUE INDEX "TDCS"."TDCS_STUDENT_UK1" ON "TDCS"."TDCS2_STUDENT" ("STUDENT_ID") 
  PCTFREE 10 INITRANS 2 MAXTRANS 255 COMPUTE STATISTICS 
  STORAGE(INITIAL 65536 NEXT 1048576 MINEXTENTS 1 MAXEXTENTS 2147483645
  PCTINCREASE 0 FREELISTS 1 FREELIST GROUPS 1 BUFFER_POOL DEFAULT FLASH_CACHE DEFAULT CELL_FLASH_CACHE DEFAULT)
  TABLESPACE "USERS" ;
--------------------------------------------------------
--  DDL for Index TDCS_STUDENT_PK
--------------------------------------------------------

  CREATE UNIQUE INDEX "TDCS"."TDCS_STUDENT_PK" ON "TDCS"."TDCS2_STUDENT" ("USERNAME") 
  PCTFREE 10 INITRANS 2 MAXTRANS 255 COMPUTE STATISTICS 
  STORAGE(INITIAL 65536 NEXT 1048576 MINEXTENTS 1 MAXEXTENTS 2147483645
  PCTINCREASE 0 FREELISTS 1 FREELIST GROUPS 1 BUFFER_POOL DEFAULT FLASH_CACHE DEFAULT CELL_FLASH_CACHE DEFAULT)
  TABLESPACE "USERS" ;
--------------------------------------------------------
--  Constraints for Table TDCS_APPRENTICE
--------------------------------------------------------

  ALTER TABLE "TDCS"."TDCS_APPRENTICE" MODIFY ("APT_ID" NOT NULL ENABLE);
  ALTER TABLE "TDCS"."TDCS_APPRENTICE" ADD CONSTRAINT "JHRM_APPRENTICE_PK" PRIMARY KEY ("APT_ID")
  USING INDEX PCTFREE 10 INITRANS 2 MAXTRANS 255 COMPUTE STATISTICS 
  STORAGE(INITIAL 65536 NEXT 1048576 MINEXTENTS 1 MAXEXTENTS 2147483645
  PCTINCREASE 0 FREELISTS 1 FREELIST GROUPS 1 BUFFER_POOL DEFAULT FLASH_CACHE DEFAULT CELL_FLASH_CACHE DEFAULT)
  TABLESPACE "USERS"  ENABLE;
--------------------------------------------------------
--  Constraints for Table TDCS_CATEGORIES
--------------------------------------------------------

  ALTER TABLE "TDCS"."TDCS_CATEGORIES" ADD CONSTRAINT "TDCS_CATEGORIES_PK" PRIMARY KEY ("CATEGORY_ID")
  USING INDEX PCTFREE 10 INITRANS 2 MAXTRANS 255 COMPUTE STATISTICS 
  STORAGE(INITIAL 65536 NEXT 1048576 MINEXTENTS 1 MAXEXTENTS 2147483645
  PCTINCREASE 0 FREELISTS 1 FREELIST GROUPS 1 BUFFER_POOL DEFAULT FLASH_CACHE DEFAULT CELL_FLASH_CACHE DEFAULT)
  TABLESPACE "USERS"  ENABLE;
  ALTER TABLE "TDCS"."TDCS_CATEGORIES" MODIFY ("CATEGORY_ID" NOT NULL ENABLE);
--------------------------------------------------------
--  Constraints for Table TDCS_CHOICES
--------------------------------------------------------

  ALTER TABLE "TDCS"."TDCS_CHOICES" MODIFY ("CHOICE_ID" NOT NULL ENABLE);
  ALTER TABLE "TDCS"."TDCS_CHOICES" ADD CONSTRAINT "TDCS_CHOICES_PK" PRIMARY KEY ("CHOICE_ID")
  USING INDEX PCTFREE 10 INITRANS 2 MAXTRANS 255 COMPUTE STATISTICS 
  STORAGE(INITIAL 65536 NEXT 1048576 MINEXTENTS 1 MAXEXTENTS 2147483645
  PCTINCREASE 0 FREELISTS 1 FREELIST GROUPS 1 BUFFER_POOL DEFAULT FLASH_CACHE DEFAULT CELL_FLASH_CACHE DEFAULT)
  TABLESPACE "USERS"  ENABLE;
--------------------------------------------------------
--  Constraints for Table TDCS_COMPANY
--------------------------------------------------------

  ALTER TABLE "TDCS"."TDCS_COMPANY" MODIFY ("COMP_ID" NOT NULL ENABLE);
  ALTER TABLE "TDCS"."TDCS_COMPANY" MODIFY ("COMP_NAME" NOT NULL ENABLE);
  ALTER TABLE "TDCS"."TDCS_COMPANY" ADD CONSTRAINT "JHRM_COMPANY_PK" PRIMARY KEY ("COMP_ID")
  USING INDEX PCTFREE 10 INITRANS 2 MAXTRANS 255 COMPUTE STATISTICS 
  STORAGE(INITIAL 65536 NEXT 1048576 MINEXTENTS 1 MAXEXTENTS 2147483645
  PCTINCREASE 0 FREELISTS 1 FREELIST GROUPS 1 BUFFER_POOL DEFAULT FLASH_CACHE DEFAULT CELL_FLASH_CACHE DEFAULT)
  TABLESPACE "USERS"  ENABLE;
--------------------------------------------------------
--  Constraints for Table TDCS_DESCRIPTION
--------------------------------------------------------

  ALTER TABLE "TDCS"."TDCS_DESCRIPTION" MODIFY ("DESC_ID" NOT NULL ENABLE);
  ALTER TABLE "TDCS"."TDCS_DESCRIPTION" ADD CONSTRAINT "JHRM_DISCRIPTION_PK" PRIMARY KEY ("DESC_ID")
  USING INDEX PCTFREE 10 INITRANS 2 MAXTRANS 255 COMPUTE STATISTICS 
  STORAGE(INITIAL 65536 NEXT 1048576 MINEXTENTS 1 MAXEXTENTS 2147483645
  PCTINCREASE 0 FREELISTS 1 FREELIST GROUPS 1 BUFFER_POOL DEFAULT FLASH_CACHE DEFAULT CELL_FLASH_CACHE DEFAULT)
  TABLESPACE "USERS"  ENABLE;
--------------------------------------------------------
--  Constraints for Table TDCS_DIFFICULTIES
--------------------------------------------------------

  ALTER TABLE "TDCS"."TDCS_DIFFICULTIES" ADD PRIMARY KEY ("DIFFICULTY_LEVEL")
  USING INDEX PCTFREE 10 INITRANS 2 MAXTRANS 255 COMPUTE STATISTICS 
  STORAGE(INITIAL 65536 NEXT 1048576 MINEXTENTS 1 MAXEXTENTS 2147483645
  PCTINCREASE 0 FREELISTS 1 FREELIST GROUPS 1 BUFFER_POOL DEFAULT FLASH_CACHE DEFAULT CELL_FLASH_CACHE DEFAULT)
  TABLESPACE "USERS"  ENABLE;
--------------------------------------------------------
--  Constraints for Table TDCS_EVALUATE
--------------------------------------------------------

  ALTER TABLE "TDCS"."TDCS_EVALUATE" MODIFY ("EVA_ID" NOT NULL ENABLE);
  ALTER TABLE "TDCS"."TDCS_EVALUATE" ADD CONSTRAINT "JHRM_EVALUATE_PK" PRIMARY KEY ("EVA_ID")
  USING INDEX PCTFREE 10 INITRANS 2 MAXTRANS 255 COMPUTE STATISTICS 
  STORAGE(INITIAL 65536 NEXT 1048576 MINEXTENTS 1 MAXEXTENTS 2147483645
  PCTINCREASE 0 FREELISTS 1 FREELIST GROUPS 1 BUFFER_POOL DEFAULT FLASH_CACHE DEFAULT CELL_FLASH_CACHE DEFAULT)
  TABLESPACE "USERS"  ENABLE;
  ALTER TABLE "TDCS"."TDCS_EVALUATE" MODIFY ("USER_ID" NOT NULL ENABLE);
  ALTER TABLE "TDCS"."TDCS_EVALUATE" MODIFY ("SUB_ID" NOT NULL ENABLE);
  ALTER TABLE "TDCS"."TDCS_EVALUATE" MODIFY ("SCORE" NOT NULL ENABLE);
  ALTER TABLE "TDCS"."TDCS_EVALUATE" MODIFY ("TYPE" NOT NULL ENABLE);
--------------------------------------------------------
--  Constraints for Table TDCS_EXAM_ANSWER_RECORDS
--------------------------------------------------------

  ALTER TABLE "TDCS"."TDCS_EXAM_ANSWER_RECORDS" MODIFY ("ANSWER_RECORD_ID" NOT NULL ENABLE);
  ALTER TABLE "TDCS"."TDCS_EXAM_ANSWER_RECORDS" MODIFY ("QUESTION_ID" NOT NULL ENABLE);
  ALTER TABLE "TDCS"."TDCS_EXAM_ANSWER_RECORDS" ADD CONSTRAINT "TDCS_EXAM_ANSWER_RECORDS_PK" PRIMARY KEY ("ANSWER_RECORD_ID")
  USING INDEX PCTFREE 10 INITRANS 2 MAXTRANS 255 COMPUTE STATISTICS 
  STORAGE(INITIAL 65536 NEXT 1048576 MINEXTENTS 1 MAXEXTENTS 2147483645
  PCTINCREASE 0 FREELISTS 1 FREELIST GROUPS 1 BUFFER_POOL DEFAULT FLASH_CACHE DEFAULT CELL_FLASH_CACHE DEFAULT)
  TABLESPACE "USERS"  ENABLE;
--------------------------------------------------------
--  Constraints for Table TDCS_EXAM_MARKING_RECORD
--------------------------------------------------------

  ALTER TABLE "TDCS"."TDCS_EXAM_MARKING_RECORD" ADD CONSTRAINT "TDCS_EXAM_MARKING_RECORD_PK" PRIMARY KEY ("MARKING_RECORD_ID")
  USING INDEX PCTFREE 10 INITRANS 2 MAXTRANS 255 COMPUTE STATISTICS 
  STORAGE(INITIAL 65536 NEXT 1048576 MINEXTENTS 1 MAXEXTENTS 2147483645
  PCTINCREASE 0 FREELISTS 1 FREELIST GROUPS 1 BUFFER_POOL DEFAULT FLASH_CACHE DEFAULT CELL_FLASH_CACHE DEFAULT)
  TABLESPACE "USERS"  ENABLE;
--------------------------------------------------------
--  Constraints for Table TDCS_EXAM_PAPERS
--------------------------------------------------------

  ALTER TABLE "TDCS"."TDCS_EXAM_PAPERS" ADD CONSTRAINT "TDCS_EXAM_PAPERS_PK" PRIMARY KEY ("PAPER_ID")
  USING INDEX PCTFREE 10 INITRANS 2 MAXTRANS 255 COMPUTE STATISTICS 
  STORAGE(INITIAL 65536 NEXT 1048576 MINEXTENTS 1 MAXEXTENTS 2147483645
  PCTINCREASE 0 FREELISTS 1 FREELIST GROUPS 1 BUFFER_POOL DEFAULT FLASH_CACHE DEFAULT CELL_FLASH_CACHE DEFAULT)
  TABLESPACE "USERS"  ENABLE;
--------------------------------------------------------
--  Constraints for Table TDCS_EXAM_RECORDS
--------------------------------------------------------

  ALTER TABLE "TDCS"."TDCS_EXAM_RECORDS" MODIFY ("RECORD_ID" NOT NULL ENABLE);
  ALTER TABLE "TDCS"."TDCS_EXAM_RECORDS" ADD CONSTRAINT "TDCS_EXAM_RECORD_PK" PRIMARY KEY ("RECORD_ID")
  USING INDEX PCTFREE 10 INITRANS 2 MAXTRANS 255 COMPUTE STATISTICS 
  STORAGE(INITIAL 65536 NEXT 1048576 MINEXTENTS 1 MAXEXTENTS 2147483645
  PCTINCREASE 0 FREELISTS 1 FREELIST GROUPS 1 BUFFER_POOL DEFAULT FLASH_CACHE DEFAULT CELL_FLASH_CACHE DEFAULT)
  TABLESPACE "USERS"  ENABLE;
--------------------------------------------------------
--  Constraints for Table TDCS_EXAM_RESULTS
--------------------------------------------------------

  ALTER TABLE "TDCS"."TDCS_EXAM_RESULTS" MODIFY ("RESULT_ID" NOT NULL ENABLE);
  ALTER TABLE "TDCS"."TDCS_EXAM_RESULTS" ADD CONSTRAINT "TDCS_EXAM_RESULTS_PK" PRIMARY KEY ("RESULT_ID")
  USING INDEX PCTFREE 10 INITRANS 2 MAXTRANS 255 COMPUTE STATISTICS 
  STORAGE(INITIAL 65536 NEXT 1048576 MINEXTENTS 1 MAXEXTENTS 2147483645
  PCTINCREASE 0 FREELISTS 1 FREELIST GROUPS 1 BUFFER_POOL DEFAULT FLASH_CACHE DEFAULT CELL_FLASH_CACHE DEFAULT)
  TABLESPACE "USERS"  ENABLE;
--------------------------------------------------------
--  Constraints for Table TDCS_FACULTY
--------------------------------------------------------

  ALTER TABLE "TDCS"."TDCS_FACULTY" MODIFY ("FAC_ID" NOT NULL ENABLE);
  ALTER TABLE "TDCS"."TDCS_FACULTY" MODIFY ("FAC_NAME" NOT NULL ENABLE);
  ALTER TABLE "TDCS"."TDCS_FACULTY" ADD CONSTRAINT "JHRM_FACUTY_PK" PRIMARY KEY ("FAC_ID")
  USING INDEX PCTFREE 10 INITRANS 2 MAXTRANS 255 COMPUTE STATISTICS 
  STORAGE(INITIAL 65536 NEXT 1048576 MINEXTENTS 1 MAXEXTENTS 2147483645
  PCTINCREASE 0 FREELISTS 1 FREELIST GROUPS 1 BUFFER_POOL DEFAULT FLASH_CACHE DEFAULT CELL_FLASH_CACHE DEFAULT)
  TABLESPACE "USERS"  ENABLE;
--------------------------------------------------------
--  Constraints for Table TDCS_MAJOR
--------------------------------------------------------

  ALTER TABLE "TDCS"."TDCS_MAJOR" MODIFY ("MAJ_ID" NOT NULL ENABLE);
  ALTER TABLE "TDCS"."TDCS_MAJOR" MODIFY ("MAJ_NAME" NOT NULL ENABLE);
  ALTER TABLE "TDCS"."TDCS_MAJOR" ADD CONSTRAINT "JHRM_MAJOR_PK" PRIMARY KEY ("MAJ_ID")
  USING INDEX PCTFREE 10 INITRANS 2 MAXTRANS 255 COMPUTE STATISTICS 
  STORAGE(INITIAL 65536 NEXT 1048576 MINEXTENTS 1 MAXEXTENTS 2147483645
  PCTINCREASE 0 FREELISTS 1 FREELIST GROUPS 1 BUFFER_POOL DEFAULT FLASH_CACHE DEFAULT CELL_FLASH_CACHE DEFAULT)
  TABLESPACE "USERS"  ENABLE;
--------------------------------------------------------
--  Constraints for Table TDCS_PAPER_GENERATE_TEMPLATE
--------------------------------------------------------

  ALTER TABLE "TDCS"."TDCS_PAPER_GENERATE_TEMPLATE" MODIFY ("ID" NOT NULL ENABLE);
  ALTER TABLE "TDCS"."TDCS_PAPER_GENERATE_TEMPLATE" ADD PRIMARY KEY ("ID")
  USING INDEX PCTFREE 10 INITRANS 2 MAXTRANS 255 COMPUTE STATISTICS 
  STORAGE(INITIAL 65536 NEXT 1048576 MINEXTENTS 1 MAXEXTENTS 2147483645
  PCTINCREASE 0 FREELISTS 1 FREELIST GROUPS 1 BUFFER_POOL DEFAULT FLASH_CACHE DEFAULT CELL_FLASH_CACHE DEFAULT)
  TABLESPACE "SYSTEM"  ENABLE;
  ALTER TABLE "TDCS"."TDCS_PAPER_GENERATE_TEMPLATE" MODIFY ("CATEGORY_ID" NOT NULL ENABLE);
  ALTER TABLE "TDCS"."TDCS_PAPER_GENERATE_TEMPLATE" MODIFY ("NO" NOT NULL ENABLE);
  ALTER TABLE "TDCS"."TDCS_PAPER_GENERATE_TEMPLATE" MODIFY ("PAPER_ID" NOT NULL ENABLE);
--------------------------------------------------------
--  Constraints for Table TDCS_PAPER_QUESTION
--------------------------------------------------------

  ALTER TABLE "TDCS"."TDCS_PAPER_QUESTION" MODIFY ("PAPER_ID" NOT NULL ENABLE);
  ALTER TABLE "TDCS"."TDCS_PAPER_QUESTION" MODIFY ("QUESTION_ID" NOT NULL ENABLE);
  ALTER TABLE "TDCS"."TDCS_PAPER_QUESTION" ADD PRIMARY KEY ("PAPER_ID", "QUESTION_ID")
  USING INDEX PCTFREE 10 INITRANS 2 MAXTRANS 255 COMPUTE STATISTICS 
  STORAGE(INITIAL 65536 NEXT 1048576 MINEXTENTS 1 MAXEXTENTS 2147483645
  PCTINCREASE 0 FREELISTS 1 FREELIST GROUPS 1 BUFFER_POOL DEFAULT FLASH_CACHE DEFAULT CELL_FLASH_CACHE DEFAULT)
  TABLESPACE "USERS"  ENABLE;
--------------------------------------------------------
--  Constraints for Table TDCS_POSITION
--------------------------------------------------------

  ALTER TABLE "TDCS"."TDCS_POSITION" ADD CONSTRAINT "TDCS_POSITION_PK" PRIMARY KEY ("POSI_ID")
  USING INDEX PCTFREE 10 INITRANS 2 MAXTRANS 255 COMPUTE STATISTICS 
  STORAGE(INITIAL 65536 NEXT 1048576 MINEXTENTS 1 MAXEXTENTS 2147483645
  PCTINCREASE 0 FREELISTS 1 FREELIST GROUPS 1 BUFFER_POOL DEFAULT FLASH_CACHE DEFAULT CELL_FLASH_CACHE DEFAULT)
  TABLESPACE "USERS"  ENABLE;
  ALTER TABLE "TDCS"."TDCS_POSITION" MODIFY ("POSI_ID" NOT NULL ENABLE);
  ALTER TABLE "TDCS"."TDCS_POSITION" MODIFY ("POSI_FOR" NOT NULL ENABLE);
  ALTER TABLE "TDCS"."TDCS_POSITION" MODIFY ("POSI_NAME" NOT NULL ENABLE);
--------------------------------------------------------
--  Constraints for Table TDCS_QUESTION_TYPE
--------------------------------------------------------

  ALTER TABLE "TDCS"."TDCS_QUESTION_TYPE" MODIFY ("QUESTION_TYPE_ID" NOT NULL ENABLE);
  ALTER TABLE "TDCS"."TDCS_QUESTION_TYPE" MODIFY ("QUESTION_TYPE_DESCRIPTION" NOT NULL ENABLE);
  ALTER TABLE "TDCS"."TDCS_QUESTION_TYPE" ADD PRIMARY KEY ("QUESTION_TYPE_ID")
  USING INDEX PCTFREE 10 INITRANS 2 MAXTRANS 255 COMPUTE STATISTICS 
  STORAGE(INITIAL 65536 NEXT 1048576 MINEXTENTS 1 MAXEXTENTS 2147483645
  PCTINCREASE 0 FREELISTS 1 FREELIST GROUPS 1 BUFFER_POOL DEFAULT FLASH_CACHE DEFAULT CELL_FLASH_CACHE DEFAULT)
  TABLESPACE "USERS"  ENABLE;
--------------------------------------------------------
--  Constraints for Table TDCS_QUESTIONS
--------------------------------------------------------

  ALTER TABLE "TDCS"."TDCS_QUESTIONS" ADD CONSTRAINT "TDCS_QUESTIONS_PK" PRIMARY KEY ("QUESTION_ID")
  USING INDEX PCTFREE 10 INITRANS 2 MAXTRANS 255 COMPUTE STATISTICS 
  STORAGE(INITIAL 65536 NEXT 1048576 MINEXTENTS 1 MAXEXTENTS 2147483645
  PCTINCREASE 0 FREELISTS 1 FREELIST GROUPS 1 BUFFER_POOL DEFAULT FLASH_CACHE DEFAULT CELL_FLASH_CACHE DEFAULT)
  TABLESPACE "USERS"  ENABLE;
--------------------------------------------------------
--  Constraints for Table TDCS_SECTION
--------------------------------------------------------

  ALTER TABLE "TDCS"."TDCS_SECTION" MODIFY ("SECTION_ID" NOT NULL ENABLE);
  ALTER TABLE "TDCS"."TDCS_SECTION" ADD CONSTRAINT "JHRM_SECTION_PK" PRIMARY KEY ("SECTION_ID")
  USING INDEX PCTFREE 10 INITRANS 2 MAXTRANS 255 COMPUTE STATISTICS 
  STORAGE(INITIAL 65536 NEXT 1048576 MINEXTENTS 1 MAXEXTENTS 2147483645
  PCTINCREASE 0 FREELISTS 1 FREELIST GROUPS 1 BUFFER_POOL DEFAULT FLASH_CACHE DEFAULT CELL_FLASH_CACHE DEFAULT)
  TABLESPACE "USERS"  ENABLE;
--------------------------------------------------------
--  Constraints for Table TDCS_SECTION_POSITION
--------------------------------------------------------

  ALTER TABLE "TDCS"."TDCS_SECTION_POSITION" MODIFY ("SP_ID" NOT NULL ENABLE);
  ALTER TABLE "TDCS"."TDCS_SECTION_POSITION" ADD CONSTRAINT "TDCS_SECTION_POSITION_PK" PRIMARY KEY ("SP_ID")
  USING INDEX PCTFREE 10 INITRANS 2 MAXTRANS 255 COMPUTE STATISTICS 
  STORAGE(INITIAL 65536 NEXT 1048576 MINEXTENTS 1 MAXEXTENTS 2147483645
  PCTINCREASE 0 FREELISTS 1 FREELIST GROUPS 1 BUFFER_POOL DEFAULT FLASH_CACHE DEFAULT CELL_FLASH_CACHE DEFAULT)
  TABLESPACE "USERS"  ENABLE;
--------------------------------------------------------
--  Constraints for Table TDCS_STATUS
--------------------------------------------------------

  ALTER TABLE "TDCS"."TDCS_STATUS" MODIFY ("STATUS_ID" NOT NULL ENABLE);
  ALTER TABLE "TDCS"."TDCS_STATUS" ADD CONSTRAINT "TDCS_STATUS_PK" PRIMARY KEY ("STATUS_ID")
  USING INDEX PCTFREE 10 INITRANS 2 MAXTRANS 255 COMPUTE STATISTICS 
  STORAGE(INITIAL 65536 NEXT 1048576 MINEXTENTS 1 MAXEXTENTS 2147483645
  PCTINCREASE 0 FREELISTS 1 FREELIST GROUPS 1 BUFFER_POOL DEFAULT FLASH_CACHE DEFAULT CELL_FLASH_CACHE DEFAULT)
  TABLESPACE "USERS"  ENABLE;
--------------------------------------------------------
--  Constraints for Table TDCS_SUB_CATEGORIES
--------------------------------------------------------

  ALTER TABLE "TDCS"."TDCS_SUB_CATEGORIES" ADD CONSTRAINT "TDCS_SUB_CATEGORIES_PK" PRIMARY KEY ("SUB_CATEGORY_ID")
  USING INDEX PCTFREE 10 INITRANS 2 MAXTRANS 255 COMPUTE STATISTICS 
  STORAGE(INITIAL 65536 NEXT 1048576 MINEXTENTS 1 MAXEXTENTS 2147483645
  PCTINCREASE 0 FREELISTS 1 FREELIST GROUPS 1 BUFFER_POOL DEFAULT FLASH_CACHE DEFAULT CELL_FLASH_CACHE DEFAULT)
  TABLESPACE "USERS"  ENABLE;
  ALTER TABLE "TDCS"."TDCS_SUB_CATEGORIES" ADD CONSTRAINT "TDCS_SUB_CATEGORIES_UK1" UNIQUE ("CATEGORY_ID", "SUB_CATEGORY_NAME")
  USING INDEX PCTFREE 10 INITRANS 2 MAXTRANS 255 COMPUTE STATISTICS 
  STORAGE(INITIAL 65536 NEXT 1048576 MINEXTENTS 1 MAXEXTENTS 2147483645
  PCTINCREASE 0 FREELISTS 1 FREELIST GROUPS 1 BUFFER_POOL DEFAULT FLASH_CACHE DEFAULT CELL_FLASH_CACHE DEFAULT)
  TABLESPACE "USERS"  ENABLE;
--------------------------------------------------------
--  Constraints for Table TDCS_SUBTOPIC
--------------------------------------------------------

  ALTER TABLE "TDCS"."TDCS_SUBTOPIC" MODIFY ("SUB_ID" NOT NULL ENABLE);
  ALTER TABLE "TDCS"."TDCS_SUBTOPIC" MODIFY ("TOPIC_ID" NOT NULL ENABLE);
  ALTER TABLE "TDCS"."TDCS_SUBTOPIC" MODIFY ("SUB_DATA" NOT NULL ENABLE);
  ALTER TABLE "TDCS"."TDCS_SUBTOPIC" ADD CONSTRAINT "JHRM_SUBTOPIC_PK" PRIMARY KEY ("SUB_ID")
  USING INDEX PCTFREE 10 INITRANS 2 MAXTRANS 255 COMPUTE STATISTICS 
  STORAGE(INITIAL 65536 NEXT 1048576 MINEXTENTS 1 MAXEXTENTS 2147483645
  PCTINCREASE 0 FREELISTS 1 FREELIST GROUPS 1 BUFFER_POOL DEFAULT FLASH_CACHE DEFAULT CELL_FLASH_CACHE DEFAULT)
  TABLESPACE "USERS"  ENABLE;
--------------------------------------------------------
--  Constraints for Table TDCS_TEAM
--------------------------------------------------------

  ALTER TABLE "TDCS"."TDCS_TEAM" MODIFY ("TEAM_ID" NOT NULL ENABLE);
  ALTER TABLE "TDCS"."TDCS_TEAM" MODIFY ("TEAM_NAME" NOT NULL ENABLE);
  ALTER TABLE "TDCS"."TDCS_TEAM" ADD CONSTRAINT "JHRM_TEAM_PK" PRIMARY KEY ("TEAM_ID")
  USING INDEX PCTFREE 10 INITRANS 2 MAXTRANS 255 COMPUTE STATISTICS 
  STORAGE(INITIAL 65536 NEXT 1048576 MINEXTENTS 1 MAXEXTENTS 2147483645
  PCTINCREASE 0 FREELISTS 1 FREELIST GROUPS 1 BUFFER_POOL DEFAULT FLASH_CACHE DEFAULT CELL_FLASH_CACHE DEFAULT)
  TABLESPACE "USERS"  ENABLE;
--------------------------------------------------------
--  Constraints for Table TDCS_TOPIC
--------------------------------------------------------

  ALTER TABLE "TDCS"."TDCS_TOPIC" MODIFY ("TOPIC_ID" NOT NULL ENABLE);
  ALTER TABLE "TDCS"."TDCS_TOPIC" MODIFY ("TOPIC_DATA" NOT NULL ENABLE);
  ALTER TABLE "TDCS"."TDCS_TOPIC" ADD CONSTRAINT "JHRM_TOPIC_PK" PRIMARY KEY ("TOPIC_ID")
  USING INDEX PCTFREE 10 INITRANS 2 MAXTRANS 255 COMPUTE STATISTICS 
  STORAGE(INITIAL 65536 NEXT 1048576 MINEXTENTS 1 MAXEXTENTS 2147483645
  PCTINCREASE 0 FREELISTS 1 FREELIST GROUPS 1 BUFFER_POOL DEFAULT FLASH_CACHE DEFAULT CELL_FLASH_CACHE DEFAULT)
  TABLESPACE "USERS"  ENABLE;
--------------------------------------------------------
--  Constraints for Table TDCS_UNIVERSITY
--------------------------------------------------------

  ALTER TABLE "TDCS"."TDCS_UNIVERSITY" MODIFY ("UNIVERSITY_NAME" NOT NULL ENABLE);
  ALTER TABLE "TDCS"."TDCS_UNIVERSITY" MODIFY ("UNI_ID" NOT NULL ENABLE);
  ALTER TABLE "TDCS"."TDCS_UNIVERSITY" ADD CONSTRAINT "JHRM_UNIVERSITY_PK" PRIMARY KEY ("UNI_ID")
  USING INDEX PCTFREE 10 INITRANS 2 MAXTRANS 255 COMPUTE STATISTICS 
  STORAGE(INITIAL 65536 NEXT 1048576 MINEXTENTS 1 MAXEXTENTS 2147483645
  PCTINCREASE 0 FREELISTS 1 FREELIST GROUPS 1 BUFFER_POOL DEFAULT FLASH_CACHE DEFAULT CELL_FLASH_CACHE DEFAULT)
  TABLESPACE "USERS"  ENABLE;
--------------------------------------------------------
--  Constraints for Table TDCS_UNIVERSITY_FACULTY
--------------------------------------------------------

  ALTER TABLE "TDCS"."TDCS_UNIVERSITY_FACULTY" MODIFY ("UNI_FAC_ID" NOT NULL ENABLE);
  ALTER TABLE "TDCS"."TDCS_UNIVERSITY_FACULTY" ADD CONSTRAINT "TDCS_UNIVERSITY_FACUTY_PK" PRIMARY KEY ("UNI_FAC_ID")
  USING INDEX PCTFREE 10 INITRANS 2 MAXTRANS 255 COMPUTE STATISTICS 
  STORAGE(INITIAL 65536 NEXT 1048576 MINEXTENTS 1 MAXEXTENTS 2147483645
  PCTINCREASE 0 FREELISTS 1 FREELIST GROUPS 1 BUFFER_POOL DEFAULT FLASH_CACHE DEFAULT CELL_FLASH_CACHE DEFAULT)
  TABLESPACE "USERS"  ENABLE;
--------------------------------------------------------
--  Constraints for Table TDCS_UNIVERSITY_FACULTY_MAJOR
--------------------------------------------------------

  ALTER TABLE "TDCS"."TDCS_UNIVERSITY_FACULTY_MAJOR" MODIFY ("UNI_FAC_MAJ_ID" NOT NULL ENABLE);
  ALTER TABLE "TDCS"."TDCS_UNIVERSITY_FACULTY_MAJOR" ADD CONSTRAINT "TDCS_UNIVERSITY_FACULTY_M_PK" PRIMARY KEY ("UNI_FAC_MAJ_ID")
  USING INDEX PCTFREE 10 INITRANS 2 MAXTRANS 255 COMPUTE STATISTICS 
  STORAGE(INITIAL 65536 NEXT 1048576 MINEXTENTS 1 MAXEXTENTS 2147483645
  PCTINCREASE 0 FREELISTS 1 FREELIST GROUPS 1 BUFFER_POOL DEFAULT FLASH_CACHE DEFAULT CELL_FLASH_CACHE DEFAULT)
  TABLESPACE "USERS"  ENABLE;
--------------------------------------------------------
--  Constraints for Table TDCS_USER
--------------------------------------------------------

  ALTER TABLE "TDCS"."TDCS_USER" ADD CONSTRAINT "JHRM_USER_PK" PRIMARY KEY ("USER_ID")
  USING INDEX PCTFREE 10 INITRANS 2 MAXTRANS 255 COMPUTE STATISTICS 
  STORAGE(INITIAL 65536 NEXT 1048576 MINEXTENTS 1 MAXEXTENTS 2147483645
  PCTINCREASE 0 FREELISTS 1 FREELIST GROUPS 1 BUFFER_POOL DEFAULT FLASH_CACHE DEFAULT CELL_FLASH_CACHE DEFAULT)
  TABLESPACE "USERS"  ENABLE;
--------------------------------------------------------
--  Constraints for Table TDCS_USERS_PAPERS
--------------------------------------------------------

  ALTER TABLE "TDCS"."TDCS_USERS_PAPERS" MODIFY ("PAPER_ID" NOT NULL ENABLE);
  ALTER TABLE "TDCS"."TDCS_USERS_PAPERS" MODIFY ("UPDATE_BY" NOT NULL ENABLE);
  ALTER TABLE "TDCS"."TDCS_USERS_PAPERS" ADD PRIMARY KEY ("USER_ID")
  USING INDEX PCTFREE 10 INITRANS 2 MAXTRANS 255 COMPUTE STATISTICS 
  STORAGE(INITIAL 65536 NEXT 1048576 MINEXTENTS 1 MAXEXTENTS 2147483645
  PCTINCREASE 0 FREELISTS 1 FREELIST GROUPS 1 BUFFER_POOL DEFAULT FLASH_CACHE DEFAULT CELL_FLASH_CACHE DEFAULT)
  TABLESPACE "SYSTEM"  ENABLE;
  ALTER TABLE "TDCS"."TDCS_USERS_PAPERS" MODIFY ("USER_ID" NOT NULL ENABLE);
--------------------------------------------------------
--  Constraints for Table TDCS2_EVA_BA
--------------------------------------------------------

  ALTER TABLE "TDCS"."TDCS2_EVA_BA" ADD CONSTRAINT "TDCS_EVA_BA_PK" PRIMARY KEY ("STUDENT_ID")
  USING INDEX PCTFREE 10 INITRANS 2 MAXTRANS 255 COMPUTE STATISTICS 
  STORAGE(INITIAL 65536 NEXT 1048576 MINEXTENTS 1 MAXEXTENTS 2147483645
  PCTINCREASE 0 FREELISTS 1 FREELIST GROUPS 1 BUFFER_POOL DEFAULT FLASH_CACHE DEFAULT CELL_FLASH_CACHE DEFAULT)
  TABLESPACE "USERS"  ENABLE;
  ALTER TABLE "TDCS"."TDCS2_EVA_BA" MODIFY ("STUDENT_ID" NOT NULL ENABLE);
--------------------------------------------------------
--  Constraints for Table TDCS2_EVA_SCORE_DEV
--------------------------------------------------------

  ALTER TABLE "TDCS"."TDCS2_EVA_SCORE_DEV" MODIFY ("SC_SUBTOPIC_ID" NOT NULL ENABLE);
--------------------------------------------------------
--  Constraints for Table TDCS2_EVA_SUBTOPIC_BA
--------------------------------------------------------

  ALTER TABLE "TDCS"."TDCS2_EVA_SUBTOPIC_BA" MODIFY ("SUBTOPIC" NOT NULL ENABLE);
  ALTER TABLE "TDCS"."TDCS2_EVA_SUBTOPIC_BA" ADD CONSTRAINT "TDCS_EVA_SUBTOPIC_BA_PK" PRIMARY KEY ("SUBTOPIC")
  USING INDEX PCTFREE 10 INITRANS 2 MAXTRANS 255 COMPUTE STATISTICS 
  STORAGE(INITIAL 65536 NEXT 1048576 MINEXTENTS 1 MAXEXTENTS 2147483645
  PCTINCREASE 0 FREELISTS 1 FREELIST GROUPS 1 BUFFER_POOL DEFAULT FLASH_CACHE DEFAULT CELL_FLASH_CACHE DEFAULT)
  TABLESPACE "USERS"  ENABLE;
--------------------------------------------------------
--  Constraints for Table TDCS2_EVA_SUBTOPIC_DEV
--------------------------------------------------------

  ALTER TABLE "TDCS"."TDCS2_EVA_SUBTOPIC_DEV" MODIFY ("SUBTOPIC_ID" NOT NULL ENABLE);
  ALTER TABLE "TDCS"."TDCS2_EVA_SUBTOPIC_DEV" ADD CONSTRAINT "TDCS_EVA_SUBTOPIC_DEV_PK" PRIMARY KEY ("SUBTOPIC_ID")
  USING INDEX PCTFREE 10 INITRANS 2 MAXTRANS 255 COMPUTE STATISTICS 
  STORAGE(INITIAL 65536 NEXT 1048576 MINEXTENTS 1 MAXEXTENTS 2147483645
  PCTINCREASE 0 FREELISTS 1 FREELIST GROUPS 1 BUFFER_POOL DEFAULT FLASH_CACHE DEFAULT CELL_FLASH_CACHE DEFAULT)
  TABLESPACE "USERS"  ENABLE;
--------------------------------------------------------
--  Constraints for Table TDCS2_EVA_TOPIC_DEV
--------------------------------------------------------

  ALTER TABLE "TDCS"."TDCS2_EVA_TOPIC_DEV" MODIFY ("TOPIC_ID" NOT NULL ENABLE);
  ALTER TABLE "TDCS"."TDCS2_EVA_TOPIC_DEV" ADD CONSTRAINT "TDCS_EVA_TOPIC_DEV_PK" PRIMARY KEY ("TOPIC_ID")
  USING INDEX PCTFREE 10 INITRANS 2 MAXTRANS 255 COMPUTE STATISTICS 
  STORAGE(INITIAL 65536 NEXT 1048576 MINEXTENTS 1 MAXEXTENTS 2147483645
  PCTINCREASE 0 FREELISTS 1 FREELIST GROUPS 1 BUFFER_POOL DEFAULT FLASH_CACHE DEFAULT CELL_FLASH_CACHE DEFAULT)
  TABLESPACE "USERS"  ENABLE;
--------------------------------------------------------
--  Constraints for Table TDCS2_SHOW_GRADE
--------------------------------------------------------

  ALTER TABLE "TDCS"."TDCS2_SHOW_GRADE" MODIFY ("STUDENT_ID" NOT NULL ENABLE);
  ALTER TABLE "TDCS"."TDCS2_SHOW_GRADE" ADD CONSTRAINT "TDCS_SHOW_GRADE_PK" PRIMARY KEY ("STUDENT_ID")
  USING INDEX PCTFREE 10 INITRANS 2 MAXTRANS 255 COMPUTE STATISTICS 
  STORAGE(INITIAL 65536 NEXT 1048576 MINEXTENTS 1 MAXEXTENTS 2147483645
  PCTINCREASE 0 FREELISTS 1 FREELIST GROUPS 1 BUFFER_POOL DEFAULT FLASH_CACHE DEFAULT CELL_FLASH_CACHE DEFAULT)
  TABLESPACE "USERS"  ENABLE;
--------------------------------------------------------
--  Constraints for Table TDCS2_STAFF
--------------------------------------------------------

  ALTER TABLE "TDCS"."TDCS2_STAFF" MODIFY ("JOBS" NOT NULL ENABLE);
  ALTER TABLE "TDCS"."TDCS2_STAFF" ADD CONSTRAINT "TDCS_STAFF_UK1" UNIQUE ("USERNAME")
  USING INDEX PCTFREE 10 INITRANS 2 MAXTRANS 255 COMPUTE STATISTICS 
  STORAGE(INITIAL 65536 NEXT 1048576 MINEXTENTS 1 MAXEXTENTS 2147483645
  PCTINCREASE 0 FREELISTS 1 FREELIST GROUPS 1 BUFFER_POOL DEFAULT FLASH_CACHE DEFAULT CELL_FLASH_CACHE DEFAULT)
  TABLESPACE "USERS"  ENABLE;
--------------------------------------------------------
--  Constraints for Table TDCS2_STUDENT
--------------------------------------------------------

  ALTER TABLE "TDCS"."TDCS2_STUDENT" ADD CONSTRAINT "TDCS_STUDENT_PK" PRIMARY KEY ("USERNAME")
  USING INDEX PCTFREE 10 INITRANS 2 MAXTRANS 255 COMPUTE STATISTICS 
  STORAGE(INITIAL 65536 NEXT 1048576 MINEXTENTS 1 MAXEXTENTS 2147483645
  PCTINCREASE 0 FREELISTS 1 FREELIST GROUPS 1 BUFFER_POOL DEFAULT FLASH_CACHE DEFAULT CELL_FLASH_CACHE DEFAULT)
  TABLESPACE "USERS"  ENABLE;
  ALTER TABLE "TDCS"."TDCS2_STUDENT" MODIFY ("PASSWORD" NOT NULL ENABLE);
  ALTER TABLE "TDCS"."TDCS2_STUDENT" ADD CONSTRAINT "TDCS_STUDENT_UK1" UNIQUE ("STUDENT_ID")
  USING INDEX PCTFREE 10 INITRANS 2 MAXTRANS 255 COMPUTE STATISTICS 
  STORAGE(INITIAL 65536 NEXT 1048576 MINEXTENTS 1 MAXEXTENTS 2147483645
  PCTINCREASE 0 FREELISTS 1 FREELIST GROUPS 1 BUFFER_POOL DEFAULT FLASH_CACHE DEFAULT CELL_FLASH_CACHE DEFAULT)
  TABLESPACE "USERS"  ENABLE;
--------------------------------------------------------
--  Ref Constraints for Table TDCS_CATEGORIES
--------------------------------------------------------

  ALTER TABLE "TDCS"."TDCS_CATEGORIES" ADD CONSTRAINT "TDCS_CATEGORIES_FK1" FOREIGN KEY ("CATEGORY_CREATE_BY")
	  REFERENCES "TDCS"."TDCS_USER" ("USER_ID") ON DELETE SET NULL ENABLE;
--------------------------------------------------------
--  Ref Constraints for Table TDCS_CHOICES
--------------------------------------------------------

  ALTER TABLE "TDCS"."TDCS_CHOICES" ADD CONSTRAINT "TDCS_CHOICES_FK1" FOREIGN KEY ("CHOICE_STATUS")
	  REFERENCES "TDCS"."TDCS_STATUS" ("STATUS_ID") ON DELETE SET NULL ENABLE;
  ALTER TABLE "TDCS"."TDCS_CHOICES" ADD CONSTRAINT "TDCS_CHOICES_FK2" FOREIGN KEY ("QUESTION_ID")
	  REFERENCES "TDCS"."TDCS_QUESTIONS" ("QUESTION_ID") ON DELETE CASCADE ENABLE;
--------------------------------------------------------
--  Ref Constraints for Table TDCS_EXAM_ANSWER_RECORDS
--------------------------------------------------------

  ALTER TABLE "TDCS"."TDCS_EXAM_ANSWER_RECORDS" ADD CONSTRAINT "TDCS_EXAM_ANSWER_RECORDS_FK1" FOREIGN KEY ("QUESTION_ID")
	  REFERENCES "TDCS"."TDCS_QUESTIONS" ("QUESTION_ID") ON DELETE SET NULL ENABLE;
  ALTER TABLE "TDCS"."TDCS_EXAM_ANSWER_RECORDS" ADD CONSTRAINT "TDCS_EXAM_ANSWER_RECORDS_FK3" FOREIGN KEY ("ANSWER_OBJECTIVE")
	  REFERENCES "TDCS"."TDCS_CHOICES" ("CHOICE_ID") ON DELETE CASCADE ENABLE;
  ALTER TABLE "TDCS"."TDCS_EXAM_ANSWER_RECORDS" ADD CONSTRAINT "TDCS_EXAM_ANSWER_RECORDS_FK4" FOREIGN KEY ("EXAM_RECORD_ID")
	  REFERENCES "TDCS"."TDCS_EXAM_RECORDS" ("RECORD_ID") ON DELETE CASCADE ENABLE;
--------------------------------------------------------
--  Ref Constraints for Table TDCS_EXAM_MARKING_RECORD
--------------------------------------------------------

  ALTER TABLE "TDCS"."TDCS_EXAM_MARKING_RECORD" ADD CONSTRAINT "TDCS_EXAM_MARKING_RECORD_FK1" FOREIGN KEY ("MARKED_BY")
	  REFERENCES "TDCS"."TDCS_USER" ("USER_ID") ON DELETE SET NULL ENABLE;
  ALTER TABLE "TDCS"."TDCS_EXAM_MARKING_RECORD" ADD CONSTRAINT "TDCS_EXAM_MARKING_RECORD_FK2" FOREIGN KEY ("ANSWER_RECORD_ID")
	  REFERENCES "TDCS"."TDCS_EXAM_ANSWER_RECORDS" ("ANSWER_RECORD_ID") ON DELETE SET NULL ENABLE;
  ALTER TABLE "TDCS"."TDCS_EXAM_MARKING_RECORD" ADD CONSTRAINT "TDCS_EXAM_MARKING_RECORD_FK3" FOREIGN KEY ("EXAM_RESULT_ID")
	  REFERENCES "TDCS"."TDCS_EXAM_RESULTS" ("RESULT_ID") ON DELETE CASCADE ENABLE;
--------------------------------------------------------
--  Ref Constraints for Table TDCS_EXAM_PAPERS
--------------------------------------------------------

  ALTER TABLE "TDCS"."TDCS_EXAM_PAPERS" ADD CONSTRAINT "TDCS_EXAM_PAPERS_FK1" FOREIGN KEY ("PAPER_CREATE_BY")
	  REFERENCES "TDCS"."TDCS_USER" ("USER_ID") ON DELETE SET NULL ENABLE;
  ALTER TABLE "TDCS"."TDCS_EXAM_PAPERS" ADD CONSTRAINT "TDCS_EXAM_PAPERS_FK2" FOREIGN KEY ("PAPER_STATUS")
	  REFERENCES "TDCS"."TDCS_STATUS" ("STATUS_ID") ON DELETE SET NULL ENABLE;
  ALTER TABLE "TDCS"."TDCS_EXAM_PAPERS" ADD CONSTRAINT "TDCS_EXAM_PAPERS_FK3" FOREIGN KEY ("PAPER_FOR_POSITION")
	  REFERENCES "TDCS"."TDCS_POSITION" ("POSI_ID") ON DELETE SET NULL ENABLE;
  ALTER TABLE "TDCS"."TDCS_EXAM_PAPERS" ADD CONSTRAINT "TDCS_EXAM_PAPERS_FK4" FOREIGN KEY ("PAPER_UPDATE_BY")
	  REFERENCES "TDCS"."TDCS_USER" ("USER_ID") ON DELETE SET NULL ENABLE;
--------------------------------------------------------
--  Ref Constraints for Table TDCS_EXAM_RECORDS
--------------------------------------------------------

  ALTER TABLE "TDCS"."TDCS_EXAM_RECORDS" ADD CONSTRAINT "TDCS_EXAM_RECORDS_FK1" FOREIGN KEY ("PRE_TEST_RECORD_ID")
	  REFERENCES "TDCS"."TDCS_EXAM_RECORDS" ("RECORD_ID") ON DELETE SET NULL ENABLE;
  ALTER TABLE "TDCS"."TDCS_EXAM_RECORDS" ADD CONSTRAINT "TDCS_EXAM_RECORD_FK1" FOREIGN KEY ("USER_ID")
	  REFERENCES "TDCS"."TDCS_USER" ("USER_ID") ON DELETE SET NULL ENABLE;
  ALTER TABLE "TDCS"."TDCS_EXAM_RECORDS" ADD CONSTRAINT "TDCS_EXAM_RECORD_FK2" FOREIGN KEY ("PAPER_ID")
	  REFERENCES "TDCS"."TDCS_EXAM_PAPERS" ("PAPER_ID") ON DELETE SET NULL ENABLE;
--------------------------------------------------------
--  Ref Constraints for Table TDCS_EXAM_RESULTS
--------------------------------------------------------

  ALTER TABLE "TDCS"."TDCS_EXAM_RESULTS" ADD CONSTRAINT "TDCS_EXAM_RESULTS_FK1" FOREIGN KEY ("EXAM_RECORD_ID")
	  REFERENCES "TDCS"."TDCS_EXAM_RECORDS" ("RECORD_ID") ON DELETE CASCADE ENABLE;
  ALTER TABLE "TDCS"."TDCS_EXAM_RESULTS" ADD CONSTRAINT "TDCS_EXAM_RESULTS_FK2" FOREIGN KEY ("MARKED_BY")
	  REFERENCES "TDCS"."TDCS_USER" ("USER_ID") ON DELETE SET NULL ENABLE;
  ALTER TABLE "TDCS"."TDCS_EXAM_RESULTS" ADD CONSTRAINT "TDCS_EXAM_RESULTS_FK3" FOREIGN KEY ("RESULT_STATUS")
	  REFERENCES "TDCS"."TDCS_STATUS" ("STATUS_ID") ON DELETE SET NULL ENABLE;
--------------------------------------------------------
--  Ref Constraints for Table TDCS_PAPER_GENERATE_TEMPLATE
--------------------------------------------------------

  ALTER TABLE "TDCS"."TDCS_PAPER_GENERATE_TEMPLATE" ADD CONSTRAINT "SYS_C007505" FOREIGN KEY ("PAPER_ID")
	  REFERENCES "TDCS"."TDCS_EXAM_PAPERS" ("PAPER_ID") ON DELETE CASCADE ENABLE;
  ALTER TABLE "TDCS"."TDCS_PAPER_GENERATE_TEMPLATE" ADD FOREIGN KEY ("CATEGORY_ID")
	  REFERENCES "TDCS"."TDCS_CATEGORIES" ("CATEGORY_ID") ENABLE;
--------------------------------------------------------
--  Ref Constraints for Table TDCS_PAPER_QUESTION
--------------------------------------------------------

  ALTER TABLE "TDCS"."TDCS_PAPER_QUESTION" ADD CONSTRAINT "TDCS_PAPER_QUESTION_FK1" FOREIGN KEY ("PAPER_ID")
	  REFERENCES "TDCS"."TDCS_EXAM_PAPERS" ("PAPER_ID") ON DELETE CASCADE ENABLE;
  ALTER TABLE "TDCS"."TDCS_PAPER_QUESTION" ADD CONSTRAINT "TDCS_PAPER_QUESTION_FK2" FOREIGN KEY ("QUESTION_ID")
	  REFERENCES "TDCS"."TDCS_QUESTIONS" ("QUESTION_ID") ON DELETE CASCADE ENABLE;
--------------------------------------------------------
--  Ref Constraints for Table TDCS_QUESTIONS
--------------------------------------------------------

  ALTER TABLE "TDCS"."TDCS_QUESTIONS" ADD CONSTRAINT "TDCS_QUESTIONS_FK1" FOREIGN KEY ("QUESTION_STATUS")
	  REFERENCES "TDCS"."TDCS_STATUS" ("STATUS_ID") ON DELETE SET NULL ENABLE;
  ALTER TABLE "TDCS"."TDCS_QUESTIONS" ADD CONSTRAINT "TDCS_QUESTIONS_FK2" FOREIGN KEY ("SUB_CATEGORY_ID")
	  REFERENCES "TDCS"."TDCS_SUB_CATEGORIES" ("SUB_CATEGORY_ID") ON DELETE SET NULL ENABLE;
  ALTER TABLE "TDCS"."TDCS_QUESTIONS" ADD CONSTRAINT "TDCS_QUESTIONS_FK3" FOREIGN KEY ("QUESTION_CREATE_BY")
	  REFERENCES "TDCS"."TDCS_USER" ("USER_ID") ON DELETE SET NULL ENABLE;
  ALTER TABLE "TDCS"."TDCS_QUESTIONS" ADD CONSTRAINT "TDCS_QUESTIONS_FK4" FOREIGN KEY ("DIFFICULTY_LEVEL")
	  REFERENCES "TDCS"."TDCS_DIFFICULTIES" ("DIFFICULTY_LEVEL") ON DELETE SET NULL ENABLE;
  ALTER TABLE "TDCS"."TDCS_QUESTIONS" ADD CONSTRAINT "TDCS_QUESTIONS_FK5" FOREIGN KEY ("QUESTION_TYPE_ID")
	  REFERENCES "TDCS"."TDCS_QUESTION_TYPE" ("QUESTION_TYPE_ID") ON DELETE SET NULL ENABLE;
  ALTER TABLE "TDCS"."TDCS_QUESTIONS" ADD CONSTRAINT "TDCS_QUESTIONS_FK6" FOREIGN KEY ("QUESTION_UPDATE_BY")
	  REFERENCES "TDCS"."TDCS_USER" ("USER_ID") ON DELETE SET NULL ENABLE;
--------------------------------------------------------
--  Ref Constraints for Table TDCS_SUB_CATEGORIES
--------------------------------------------------------

  ALTER TABLE "TDCS"."TDCS_SUB_CATEGORIES" ADD CONSTRAINT "TDCS_SUB_CATEGORIES_FK1" FOREIGN KEY ("SUB_CATEGORY_CREATE_BY")
	  REFERENCES "TDCS"."TDCS_USER" ("USER_ID") ON DELETE SET NULL ENABLE;
  ALTER TABLE "TDCS"."TDCS_SUB_CATEGORIES" ADD CONSTRAINT "TDCS_SUB_CATEGORIES_FK2" FOREIGN KEY ("CATEGORY_ID")
	  REFERENCES "TDCS"."TDCS_CATEGORIES" ("CATEGORY_ID") ENABLE;
--------------------------------------------------------
--  Ref Constraints for Table TDCS_USERS_PAPERS
--------------------------------------------------------

  ALTER TABLE "TDCS"."TDCS_USERS_PAPERS" ADD FOREIGN KEY ("USER_ID")
	  REFERENCES "TDCS"."TDCS_USER" ("USER_ID") ENABLE;
  ALTER TABLE "TDCS"."TDCS_USERS_PAPERS" ADD FOREIGN KEY ("UPDATE_BY")
	  REFERENCES "TDCS"."TDCS_USER" ("USER_ID") ENABLE;
  ALTER TABLE "TDCS"."TDCS_USERS_PAPERS" ADD FOREIGN KEY ("PAPER_ID")
	  REFERENCES "TDCS"."TDCS_EXAM_PAPERS" ("PAPER_ID") ENABLE;
--------------------------------------------------------
--  Ref Constraints for Table TDCS2_EVA_SCORE_DEV
--------------------------------------------------------

  ALTER TABLE "TDCS"."TDCS2_EVA_SCORE_DEV" ADD CONSTRAINT "FK62FD21BACD12684F" FOREIGN KEY ("EVASUBTOP_SUBTOPIC_ID")
	  REFERENCES "TDCS"."TDCS2_EVA_SUBTOPIC_DEV" ("SUBTOPIC_ID") ENABLE;
--------------------------------------------------------
--  Ref Constraints for Table TDCS2_EVA_SUBTOPIC_DEV
--------------------------------------------------------

  ALTER TABLE "TDCS"."TDCS2_EVA_SUBTOPIC_DEV" ADD CONSTRAINT "FKA5D9F053C7E78088" FOREIGN KEY ("EVATIPICDEV_TOPIC_ID")
	  REFERENCES "TDCS"."TDCS2_EVA_TOPIC_DEV" ("TOPIC_ID") ENABLE;
